 Date ,Close,
7/18/2011," $1,772.60 ",
7/19/2011," $1,771.30 ",
7/20/2011," $1,767.10 ",
7/21/2011," $1,757.20 ",
7/22/2011," $1,771.70 ",
7/25/2011," $1,782.40 ",
7/26/2011," $1,787.00 ",
7/27/2011," $1,785.30 ",
7/28/2011," $1,783.60 ",
7/29/2011," $1,798.50 ",
8/1/2011," $1,789.20 ",
8/2/2011," $1,812.00 ",
8/3/2011," $1,833.80 ",
8/4/2011," $1,826.50 ",
8/5/2011," $1,819.30 ",
8/8/2011," $1,880.70 ",
8/9/2011," $1,910.50 ",
8/10/2011," $1,951.80 ",
8/11/2011," $1,919.00 ",
8/12/2011," $1,910.10 ",
8/15/2011," $1,925.50 ",
8/16/2011," $1,952.50 ",
8/17/2011," $1,961.30 ",
8/18/2011," $1,989.50 ",
8/19/2011," $2,019.70 ",
8/22/2011," $2,059.40 ",
8/23/2011," $2,028.80 ",
8/24/2011," $1,924.80 ",
8/25/2011," $1,930.70 ",
8/26/2011," $1,964.80 ",
8/29/2011," $1,959.10 ",
8/30/2011," $1,997.30 ",
8/31/2011," $1,999.20 ",
9/1/2011," $1,996.60 ",
9/2/2011," $2,044.40 ",
9/5/2011,#N/A,
9/6/2011," $2,040.80 ",
9/7/2011," $1,985.10 ",
9/8/2011," $2,025.00 ",
9/9/2011," $2,027.00 ",
9/12/2011," $1,980.80 ",
9/13/2011," $1,997.60 ",
9/14/2011," $1,994.00 ",
9/15/2011," $1,948.90 ",
9/16/2011," $1,982.20 ",
9/19/2011," $1,946.40 ",
9/20/2011," $1,976.60 ",
9/21/2011," $1,975.60 ",
9/22/2011," $1,909.20 ",
9/23/2011," $1,807.30 ",
9/26/2011," $1,762.30 ",
9/27/2011," $1,820.00 ",
9/28/2011," $1,785.60 ",
9/29/2011," $1,784.80 ",
9/30/2011," $1,789.80 ",
10/3/2011," $1,825.20 ",
10/4/2011," $1,783.50 ",
10/5/2011," $1,809.10 ",
10/6/2011," $1,820.70 ",
10/7/2011," $1,803.30 ",
10/10/2011," $1,838.30 ",
10/11/2011," $1,828.50 ",
10/12/2011," $1,850.10 ",
10/13/2011," $1,836.00 ",
10/14/2011," $1,850.50 ",
10/17/2011," $1,844.10 ",
10/18/2011," $1,820.30 ",
10/19/2011," $1,814.50 ",
10/20/2011," $1,780.40 ",
10/21/2011," $1,803.60 ",
10/24/2011," $1,819.80 ",
10/25/2011," $1,867.90 ",
10/26/2011," $1,891.00 ",
10/27/2011," $1,915.20 ",
10/28/2011," $1,914.70 ",
10/31/2011," $1,892.70 ",
11/1/2011," $1,879.30 ",
11/2/2011," $1,897.10 ",
11/3/2011," $1,932.60 ",
11/4/2011," $1,923.60 ",
11/7/2011," $1,958.60 ",
11/8/2011," $1,966.70 ",
11/9/2011," $1,959.10 ",
11/10/2011," $1,927.10 ",
11/11/2011," $1,955.60 ",
11/14/2011," $1,945.90 ",
11/15/2011," $1,949.70 ",
11/16/2011," $1,941.80 ",
11/17/2011," $1,887.70 ",
11/18/2011," $1,892.60 ",
11/21/2011," $1,846.10 ",
11/22/2011," $1,869.90 ",
11/23/2011," $1,863.40 ",
11/24/2011,#N/A,
11/25/2011," $1,853.20 ",
11/28/2011," $1,878.30 ",
11/29/2011," $1,880.90 ",
11/30/2011," $1,913.00 ",
12/1/2011," $1,902.80 ",
12/2/2011," $1,914.50 ",
12/5/2011," $1,897.70 ",
12/6/2011," $1,895.00 ",
12/7/2011," $1,908.00 ",
12/8/2011," $1,876.60 ",
12/9/2011," $1,880.00 ",
12/12/2011," $1,831.40 ",
12/13/2011," $1,826.30 ",
12/14/2011," $1,750.10 ",
12/15/2011," $1,740.40 ",
12/16/2011," $1,761.10 ",
12/19/2011," $1,759.90 ",
12/20/2011," $1,780.80 ",
12/21/2011," $1,776.80 ",
12/22/2011," $1,773.80 ",
12/23/2011," $1,769.20 ",
12/26/2011,#N/A,
12/27/2011," $1,758.70 ",
12/28/2011," $1,727.30 ",
12/29/2011," $1,704.10 ",
12/30/2011," $1,730.00 ",
1/2/2012,#N/A,
1/3/2012," $1,763.70 ",
1/4/2012," $1,775.90 ",
1/5/2012," $1,783.30 ",
1/6/2012," $1,780.00 ",
1/9/2012," $1,771.30 ",
1/10/2012," $1,794.70 ",
1/11/2012," $1,802.80 ",
1/12/2012," $1,810.90 ",
1/13/2012," $1,794.00 ",
1/16/2012,#N/A,
1/17/2012," $1,818.80 ",
1/18/2012," $1,823.10 ",
1/19/2012," $1,817.70 ",
1/20/2012," $1,827.20 ",
1/23/2012," $1,841.50 ",
1/24/2012," $1,827.70 ",
1/25/2012," $1,863.30 ",
1/26/2012," $1,889.90 ",
1/27/2012," $1,895.40 ",
1/30/2012," $1,894.20 ",
1/31/2012," $1,901.00 ",
2/1/2012," $1,910.30 ",
2/2/2012," $1,920.00 ",
2/3/2012," $1,901.00 ",
2/6/2012," $1,885.60 ",
2/7/2012," $1,909.10 ",
2/8/2012," $1,892.00 ",
2/9/2012," $1,901.90 ",
2/10/2012," $1,886.00 ",
2/13/2012," $1,885.60 ",
2/14/2012," $1,878.40 ",
2/15/2012," $1,888.80 ",
2/16/2012," $1,889.10 ",
2/17/2012," $1,886.60 ",
2/20/2012,#N/A,
2/21/2012," $1,919.20 ",
2/22/2012," $1,932.00 ",
2/23/2012," $1,947.00 ",
2/24/2012," $1,937.10 ",
2/27/2012," $1,935.60 ",
2/28/2012," $1,949.10 ",
2/29/2012," $1,872.00 ",
3/1/2012," $1,882.90 ",
3/2/2012," $1,870.50 ",
3/5/2012," $1,864.60 ",
3/6/2012," $1,832.80 ",
3/7/2012," $1,844.60 ",
3/8/2012," $1,859.40 ",
3/9/2012," $1,872.20 ",
3/12/2012," $1,860.50 ",
3/13/2012," $1,854.90 ",
3/14/2012," $1,803.60 ",
3/15/2012," $1,820.20 ",
3/16/2012," $1,816.50 ",
3/19/2012," $1,828.00 ",
3/20/2012," $1,807.70 ",
3/21/2012," $1,811.00 ",
3/22/2012," $1,803.20 ",
3/23/2012," $1,823.10 ",
3/26/2012," $1,846.30 ",
3/27/2012," $1,845.60 ",
3/28/2012," $1,818.60 ",
3/29/2012," $1,812.90 ",
3/30/2012," $1,830.00 ",
4/2/2012," $1,838.20 ",
4/3/2012," $1,830.50 ",
4/4/2012," $1,772.60 ",
4/5/2012," $1,788.60 ",
4/6/2012,#N/A,
4/9/2012," $1,802.40 ",
4/10/2012," $1,819.20 ",
4/11/2012," $1,818.80 ",
4/12/2012," $1,839.10 ",
4/13/2012," $1,818.70 ",
4/16/2012," $1,808.20 ",
4/17/2012," $1,809.60 ",
4/18/2012," $1,798.10 ",
4/19/2012," $1,799.90 ",
4/20/2012," $1,801.30 ",
4/23/2012," $1,791.10 ",
4/24/2012," $1,802.30 ",
4/25/2012," $1,800.80 ",
4/26/2012," $1,819.00 ",
4/27/2012," $1,823.30 ",
4/30/2012," $1,822.70 ",
5/1/2012," $1,820.90 ",
5/2/2012," $1,812.50 ",
5/3/2012," $1,793.30 ",
5/4/2012," $1,803.70 ",
5/7/2012," $1,797.60 ",
5/8/2012," $1,763.00 ",
5/9/2012," $1,752.70 ",
5/10/2012," $1,754.00 ",
5/11/2012," $1,742.50 ",
5/14/2012," $1,719.50 ",
5/15/2012," $1,715.60 ",
5/16/2012," $1,695.10 ",
5/17/2012," $1,733.40 ",
5/18/2012," $1,750.40 ",
5/21/2012," $1,747.20 ",
5/22/2012," $1,735.10 ",
5/23/2012," $1,706.90 ",
5/24/2012," $1,716.00 ",
5/25/2012," $1,727.40 ",
5/28/2012,#N/A,
5/29/2012," $1,707.20 ",
5/30/2012," $1,721.90 ",
5/31/2012," $1,721.10 ",
6/1/2012," $1,779.00 ",
6/4/2012," $1,770.70 ",
6/5/2012," $1,773.70 ",
6/6/2012," $1,791.00 ",
6/7/2012," $1,744.80 ",
6/8/2012," $1,748.20 ",
6/11/2012," $1,753.60 ",
6/12/2012," $1,770.60 ",
6/13/2012," $1,776.20 ",
6/14/2012," $1,776.40 ",
6/15/2012," $1,784.90 ",
6/18/2012," $1,783.80 ",
6/19/2012," $1,780.00 ",
6/20/2012," $1,772.60 ",
6/21/2012," $1,722.30 ",
6/22/2012," $1,723.70 ",
6/25/2012," $1,745.20 ",
6/26/2012," $1,731.70 ",
6/27/2012," $1,735.20 ",
6/28/2012," $1,707.20 ",
6/29/2012," $1,761.00 ",
7/2/2012," $1,754.50 ",
7/3/2012," $1,778.60 ",
7/4/2012,#N/A,
7/5/2012," $1,766.20 ",
7/6/2012," $1,735.70 ",
7/9/2012," $1,745.90 ",
7/10/2012," $1,736.60 ",
7/11/2012," $1,732.50 ",
7/12/2012," $1,722.10 ",
7/13/2012," $1,748.80 ",
7/16/2012," $1,748.40 ",
7/17/2012," $1,746.30 ",
7/18/2012," $1,727.60 ",
7/19/2012," $1,737.20 ",
7/20/2012," $1,739.60 ",
7/23/2012," $1,734.20 ",
7/24/2012," $1,733.00 ",
7/25/2012," $1,764.90 ",
7/26/2012," $1,771.90 ",
7/27/2012," $1,774.80 ",
7/30/2012," $1,776.50 ",
7/31/2012," $1,767.30 ",
8/1/2012," $1,760.50 ",
8/2/2012," $1,744.20 ",
8/3/2012," $1,762.80 ",
8/6/2012," $1,769.70 ",
8/7/2012," $1,766.30 ",
8/8/2012," $1,769.50 ",
8/9/2012," $1,773.70 ",
8/10/2012," $1,776.30 ",
8/13/2012," $1,766.10 ",
8/14/2012," $1,755.90 ",
8/15/2012," $1,760.10 ",
8/16/2012," $1,772.70 ",
8/17/2012," $1,772.90 ",
8/20/2012," $1,776.50 ",
8/21/2012," $1,796.40 ",
8/22/2012," $1,794.00 ",
8/23/2012," $1,826.30 ",
8/24/2012," $1,826.40 ",
8/27/2012," $1,829.10 ",
8/28/2012," $1,823.20 ",
8/29/2012," $1,816.50 ",
8/30/2012," $1,810.60 ",
8/31/2012," $1,841.10 ",
9/3/2012,#N/A,
9/4/2012," $1,849.50 ",
9/5/2012," $1,847.50 ",
9/6/2012," $1,859.10 ",
9/7/2012," $1,894.00 ",
9/10/2012," $1,885.30 ",
9/11/2012," $1,888.40 ",
9/12/2012," $1,887.20 ",
9/13/2012," $1,925.60 ",
9/14/2012," $1,926.20 ",
9/17/2012," $1,924.10 ",
9/18/2012," $1,924.70 ",
9/19/2012," $1,925.20 ",
9/20/2012," $1,923.70 ",
9/21/2012," $1,931.50 ",
9/24/2012," $1,918.10 ",
9/25/2012," $1,919.90 ",
9/26/2012," $1,907.10 ",
9/27/2012," $1,934.00 ",
9/28/2012," $1,927.40 ",
10/1/2012," $1,936.80 ",
10/2/2012," $1,929.10 ",
10/3/2012," $1,933.30 ",
10/4/2012," $1,950.00 ",
10/5/2012," $1,934.30 ",
10/8/2012," $1,929.20 ",
10/9/2012," $1,918.50 ",
10/10/2012," $1,918.60 ",
10/11/2012," $1,924.10 ",
10/12/2012," $1,913.20 ",
10/15/2012," $1,891.10 ",
10/16/2012," $1,899.80 ",
10/17/2012," $1,906.50 ",
10/18/2012," $1,898.20 ",
10/19/2012," $1,877.50 ",
10/22/2012," $1,879.80 ",
10/23/2012," $1,862.90 ",
10/24/2012," $1,855.10 ",
10/25/2012," $1,866.50 ",
10/26/2012," $1,865.40 ",
10/29/2012," $1,862.20 ",
10/30/2012," $1,865.60 ",
10/31/2012," $1,872.60 ",
11/1/2012," $1,869.00 ",
11/2/2012," $1,828.70 ",
11/5/2012," $1,836.70 ",
11/6/2012," $1,868.50 ",
11/7/2012," $1,867.50 ",
11/8/2012," $1,879.50 ",
11/9/2012," $1,884.40 ",
11/12/2012," $1,884.40 ",
11/13/2012," $1,878.30 ",
11/14/2012," $1,883.60 ",
11/15/2012," $1,867.30 ",
11/16/2012," $1,868.20 ",
11/19/2012," $1,887.90 ",
11/20/2012," $1,877.10 ",
11/21/2012," $1,881.70 ",
11/22/2012,#N/A,
11/23/2012," $1,904.90 ",
11/26/2012," $1,903.10 ",
11/27/2012," $1,895.80 ",
11/28/2012," $1,870.00 ",
11/29/2012," $1,880.70 ",
11/30/2012," $1,864.40 ",
12/3/2012," $1,873.10 ",
12/4/2012," $1,847.80 ",
12/5/2012," $1,845.80 ",
12/6/2012," $1,853.80 ",
12/7/2012," $1,857.50 ",
12/10/2012," $1,866.40 ",
12/11/2012," $1,861.60 ",
12/12/2012," $1,869.90 ",
12/13/2012," $1,848.80 ",
12/14/2012," $1,849.00 ",
12/17/2012," $1,850.20 ",
12/18/2012," $1,822.70 ",
12/19/2012," $1,819.70 ",
12/20/2012," $1,797.90 ",
12/21/2012," $1,812.10 ",
12/24/2012," $1,811.50 ",
12/25/2012,#N/A,
12/26/2012," $1,812.70 ",
12/27/2012," $1,815.70 ",
12/28/2012," $1,807.90 ",
12/31/2012," $1,827.80 ",
1/1/2013,#N/A,
1/2/2013," $1,840.80 ",
1/3/2013," $1,826.60 ",
1/4/2013," $1,800.90 ",
1/7/2013," $1,798.30 ",
1/8/2013," $1,814.20 ",
1/9/2013," $1,807.50 ",
1/10/2013," $1,830.00 ",
1/11/2013," $1,812.60 ",
1/14/2013," $1,821.40 ",
1/15/2013," $1,835.90 ",
1/16/2013," $1,835.20 ",
1/17/2013," $1,842.80 ",
1/18/2013," $1,839.00 ",
1/21/2013,#N/A,
1/22/2013," $1,845.20 ",
1/23/2013," $1,838.70 ",
1/24/2013," $1,821.90 ",
1/25/2013," $1,808.60 ",
1/28/2013," $1,804.90 ",
1/29/2013," $1,812.80 ",
1/30/2013," $1,831.90 ",
1/31/2013," $1,812.60 ",
2/1/2013," $1,821.40 ",
2/4/2013," $1,827.30 ",
2/5/2013," $1,824.40 ",
2/6/2013," $1,829.70 ",
2/7/2013," $1,822.20 ",
2/8/2013," $1,817.80 ",
2/11/2013," $1,800.00 ",
2/12/2013," $1,800.50 ",
2/13/2013," $1,796.00 ",
2/14/2013," $1,786.40 ",
2/15/2013," $1,760.40 ",
2/18/2013,#N/A,
2/19/2013," $1,755.10 ",
2/20/2013," $1,728.90 ",
2/21/2013," $1,729.50 ",
2/22/2013," $1,723.70 ",
2/25/2013," $1,737.50 ",
2/26/2013," $1,766.40 ",
2/27/2013," $1,746.60 ",
2/28/2013," $1,729.00 ",
3/1/2013," $1,723.20 ",
3/4/2013," $1,723.30 ",
3/5/2013," $1,725.80 ",
3/6/2013," $1,725.80 ",
3/7/2013," $1,726.00 ",
3/8/2013," $1,727.80 ",
3/11/2013," $1,728.90 ",
3/12/2013," $1,742.60 ",
3/13/2013," $1,739.30 ",
3/14/2013," $1,741.60 ",
3/15/2013," $1,743.50 ",
3/18/2013," $1,755.50 ",
3/19/2013," $1,762.20 ",
3/20/2013," $1,758.40 ",
3/21/2013," $1,764.70 ",
3/22/2013," $1,757.00 ",
3/25/2013," $1,755.40 ",
3/26/2013," $1,746.60 ",
3/27/2013," $1,757.10 ",
3/28/2013," $1,745.70 ",
3/29/2013,#N/A,
4/1/2013," $1,750.90 ",
4/2/2013," $1,725.90 ",
4/3/2013," $1,703.50 ",
4/4/2013," $1,702.40 ",
4/5/2013," $1,725.90 ",
4/8/2013," $1,722.50 ",
4/9/2013," $1,736.70 ",
4/10/2013," $1,708.80 ",
4/11/2013," $1,714.90 ",
4/12/2013," $1,651.40 ",
4/15/2013," $1,511.10 ",
4/16/2013," $1,537.40 ",
4/17/2013," $1,532.70 ",
4/18/2013," $1,542.50 ",
4/19/2013," $1,545.60 ",
4/22/2013," $1,571.20 ",
4/23/2013," $1,558.80 ",
4/24/2013," $1,573.70 ",
4/25/2013," $1,612.00 ",
4/26/2013," $1,603.60 ",
4/29/2013," $1,617.40 ",
4/30/2013," $1,622.10 ",
5/1/2013," $1,596.20 ",
5/2/2013," $1,617.60 ",
5/3/2013," $1,614.20 ",
5/6/2013," $1,618.00 ",
5/7/2013," $1,598.80 ",
5/8/2013," $1,623.70 ",
5/9/2013," $1,618.60 ",
5/10/2013," $1,586.60 ",
5/13/2013," $1,584.30 ",
5/14/2013," $1,574.50 ",
5/15/2013," $1,546.20 ",
5/16/2013," $1,536.90 ",
5/17/2013," $1,514.70 ",
5/20/2013," $1,534.10 ",
5/21/2013," $1,527.60 ",
5/22/2013," $1,517.40 ",
5/23/2013," $1,541.80 ",
5/24/2013," $1,536.60 ",
5/27/2013,#N/A,
5/28/2013," $1,528.90 ",
5/29/2013," $1,541.30 ",
5/30/2013," $1,561.50 ",
5/31/2013," $1,542.60 ",
6/3/2013," $1,561.70 ",
6/4/2013," $1,547.00 ",
6/5/2013," $1,548.30 ",
6/6/2013," $1,565.60 ",
6/7/2013," $1,532.80 ",
6/10/2013," $1,535.80 ",
6/11/2013," $1,526.80 ",
6/12/2013," $1,541.80 ",
6/13/2013," $1,527.60 ",
6/14/2013," $1,537.40 ",
6/17/2013," $1,532.90 ",
6/18/2013," $1,516.70 ",
6/19/2013," $1,523.80 ",
6/20/2013," $1,436.00 ",
6/21/2013," $1,441.80 ",
6/24/2013," $1,426.90 ",
6/25/2013," $1,424.90 ",
6/26/2013," $1,379.60 ",
6/27/2013," $1,361.40 ",
6/28/2013," $1,373.50 ",
7/1/2013," $1,405.50 ",
7/2/2013," $1,393.20 ",
7/3/2013," $1,401.70 ",
7/4/2013,#N/A,
7/5/2013," $1,362.50 ",
7/8/2013," $1,384.70 ",
7/9/2013," $1,395.70 ",
7/10/2013," $1,397.20 ",
7/11/2013," $1,429.70 ",
7/12/2013," $1,427.40 ",
7/15/2013," $1,433.30 ",
7/16/2013," $1,440.20 ",
7/17/2013," $1,427.30 ",
7/18/2013," $1,434.00 ",
7/19/2013," $1,442.70 ",
7/22/2013," $1,485.80 ",
7/23/2013," $1,484.50 ",
7/24/2013," $1,469.30 ",
7/25/2013," $1,478.60 ",
7/26/2013," $1,471.30 ",
7/29/2013," $1,478.20 ",
7/30/2013," $1,473.80 ",
7/31/2013," $1,462.20 ",
8/1/2013," $1,460.80 ",
8/2/2013," $1,460.40 ",
8/5/2013," $1,452.30 ",
8/6/2013," $1,432.40 ",
8/7/2013," $1,435.20 ",
8/8/2013," $1,459.80 ",
8/9/2013," $1,462.10 ",
8/12/2013," $1,484.10 ",
8/13/2013," $1,470.40 ",
8/14/2013," $1,483.30 ",
8/15/2013," $1,510.80 ",
8/16/2013," $1,520.90 ",
8/19/2013," $1,515.60 ",
8/20/2013," $1,522.50 ",
8/21/2013," $1,520.00 ",
8/22/2013," $1,520.70 ",
8/23/2013," $1,545.70 ",
8/26/2013," $1,543.00 ",
8/27/2013," $1,570.10 ",
8/28/2013," $1,568.70 ",
8/29/2013," $1,562.80 ",
8/30/2013," $1,546.00 ",
9/2/2013,#N/A,
9/3/2013," $1,561.90 ",
9/4/2013," $1,539.90 ",
9/5/2013," $1,522.90 ",
9/6/2013," $1,536.40 ",
9/9/2013," $1,536.60 ",
9/10/2013," $1,513.90 ",
9/11/2013," $1,513.70 ",
9/12/2013," $1,480.50 ",
9/13/2013," $1,458.50 ",
9/16/2013," $1,467.70 ",
9/17/2013," $1,459.30 ",
9/18/2013," $1,457.50 ",
9/19/2013," $1,519.20 ",
9/20/2013," $1,482.40 ",
9/23/2013," $1,476.90 ",
9/24/2013," $1,466.20 ",
9/25/2013," $1,486.10 ",
9/26/2013," $1,474.00 ",
9/27/2013," $1,489.10 ",
9/30/2013," $1,476.90 ",
10/1/2013," $1,436.00 ",
10/2/2013," $1,470.60 ",
10/3/2013," $1,467.50 ",
10/4/2013," $1,459.80 ",
10/7/2013," $1,475.00 ",
10/8/2013," $1,474.50 ",
10/9/2013," $1,457.10 ",
10/10/2013," $1,446.80 ",
10/11/2013," $1,418.10 ",
10/14/2013," $1,426.50 ",
10/15/2013," $1,423.10 ",
10/16/2013," $1,432.20 ",
10/17/2013," $1,472.90 ",
10/18/2013," $1,464.50 ",
10/21/2013," $1,465.70 ",
10/22/2013," $1,492.50 ",
10/23/2013," $1,483.90 ",
10/24/2013," $1,500.20 ",
10/25/2013," $1,502.40 ",
10/28/2013," $1,502.10 ",
10/29/2013," $1,495.40 ",
10/30/2013," $1,499.20 ",
10/31/2013," $1,473.60 ",
11/1/2013," $1,463.10 ",
11/4/2013," $1,464.60 ",
11/5/2013," $1,458.00 ",
11/6/2013," $1,467.70 ",
11/7/2013," $1,458.40 ",
11/8/2013," $1,434.50 ",
11/11/2013," $1,431.00 ",
11/12/2013," $1,421.10 ",
11/13/2013," $1,418.30 ",
11/14/2013," $1,436.20 ",
11/15/2013," $1,437.30 ",
11/18/2013," $1,422.20 ",
11/19/2013," $1,423.40 ",
11/20/2013," $1,407.90 ",
11/21/2013," $1,393.50 ",
11/22/2013," $1,394.00 ",
11/25/2013," $1,391.10 ",
11/26/2013," $1,391.30 ",
11/27/2013," $1,387.70 ",
11/28/2013,#N/A,
11/29/2013," $1,400.50 ",
12/2/2013," $1,372.20 ",
12/3/2013," $1,371.10 ",
12/4/2013," $1,397.50 ",
12/5/2013," $1,382.20 ",
12/6/2013," $1,379.30 ",
12/9/2013," $1,384.50 ",
12/10/2013," $1,411.40 ",
12/11/2013," $1,407.50 ",
12/12/2013," $1,375.20 ",
12/13/2013," $1,384.90 ",
12/16/2013," $1,394.70 ",
12/17/2013," $1,380.40 ",
12/18/2013," $1,385.30 ",
12/19/2013," $1,343.90 ",
12/20/2013," $1,354.00 ",
12/23/2013," $1,347.30 ",
12/24/2013," $1,353.60 ",
12/25/2013,#N/A,
12/26/2013," $1,362.60 ",
12/27/2013," $1,364.30 ",
12/30/2013," $1,354.10 ",
12/31/2013," $1,352.60 ",
1/1/2014,#N/A,
1/2/2014," $1,375.50 ",
1/3/2014," $1,388.90 ",
1/6/2014," $1,388.30 ",
1/7/2014," $1,379.90 ",
1/8/2014," $1,375.80 ",
1/9/2014," $1,379.70 ",
1/10/2014," $1,397.20 ",
1/13/2014," $1,401.40 ",
1/14/2014," $1,395.70 ",
1/15/2014," $1,388.60 ",
1/16/2014," $1,390.50 ",
1/17/2014," $1,402.20 ",
1/20/2014,#N/A,
1/21/2014," $1,392.10 ",
1/22/2014," $1,388.90 ",
1/23/2014," $1,412.60 ",
1/24/2014," $1,414.60 ",
1/27/2014," $1,413.70 ",
1/28/2014," $1,401.10 ",
1/29/2014," $1,412.50 ",
1/30/2014," $1,392.50 ",
1/31/2014," $1,390.40 ",
2/3/2014," $1,410.70 ",
2/4/2014," $1,402.00 ",
2/5/2014," $1,407.70 ",
2/6/2014," $1,408.00 ",
2/7/2014," $1,413.70 ",
2/10/2014," $1,425.50 ",
2/11/2014," $1,440.60 ",
2/12/2014," $1,445.80 ",
2/13/2014," $1,450.90 ",
2/14/2014," $1,469.40 ",
2/17/2014,#N/A,
2/18/2014," $1,475.20 ",
2/19/2014," $1,471.20 ",
2/20/2014," $1,467.70 ",
2/21/2014," $1,474.40 ",
2/24/2014," $1,488.80 ",
2/25/2014," $1,493.50 ",
2/26/2014," $1,478.80 ",
2/27/2014," $1,482.60 ",
2/28/2014," $1,472.40 ",
3/3/2014," $1,501.10 ",
3/4/2014," $1,488.70 ",
3/5/2014," $1,491.10 ",
3/6/2014," $1,502.60 ",
3/7/2014," $1,489.00 ",
3/10/2014," $1,492.30 ",
3/11/2014," $1,497.50 ",
3/12/2014," $1,521.30 ",
3/13/2014," $1,523.20 ",
3/14/2014," $1,529.80 ",
3/17/2014," $1,523.70 ",
3/18/2014," $1,509.80 ",
3/19/2014," $1,492.10 ",
3/20/2014," $1,481.30 ",
3/21/2014," $1,486.80 ",
3/24/2014," $1,462.00 ",
3/25/2014," $1,462.20 ",
3/26/2014," $1,454.20 ",
3/27/2014," $1,445.50 ",
3/28/2014," $1,444.60 ",
3/31/2014," $1,434.20 ",
4/1/2014," $1,430.40 ",
4/2/2014," $1,441.30 ",
4/3/2014," $1,435.10 ",
4/4/2014," $1,454.00 ",
4/7/2014," $1,448.80 ",
4/8/2014," $1,459.60 ",
4/9/2014," $1,456.40 ",
4/10/2014," $1,471.00 ",
4/11/2014," $1,469.50 ",
4/14/2014," $1,478.00 ",
4/15/2014," $1,450.80 ",
4/16/2014," $1,454.00 ",
4/17/2014," $1,444.40 ",
4/18/2014,#N/A,
4/21/2014," $1,439.00 ",
4/22/2014," $1,431.60 ",
4/23/2014," $1,435.10 ",
4/24/2014," $1,441.10 ",
4/25/2014," $1,451.30 ",
4/28/2014," $1,449.50 ",
4/29/2014," $1,446.80 ",
4/30/2014," $1,446.40 ",
5/1/2014," $1,433.90 ",
5/2/2014," $1,453.40 ",
5/5/2014," $1,459.80 ",
5/6/2014," $1,459.10 ",
5/7/2014," $1,439.40 ",
5/8/2014," $1,438.20 ",
5/9/2014," $1,438.10 ",
5/12/2014," $1,446.30 ",
5/13/2014," $1,445.30 ",
5/14/2014," $1,456.40 ",
5/15/2014," $1,444.10 ",
5/16/2014," $1,443.90 ",
5/19/2014," $1,444.30 ",
5/20/2014," $1,445.10 ",
5/21/2014," $1,438.60 ",
5/22/2014," $1,445.50 ",
5/23/2014," $1,442.20 ",
5/26/2014,#N/A,
5/27/2014," $1,416.00 ",
5/28/2014," $1,409.80 ",
5/29/2014," $1,406.80 ",
5/30/2014," $1,396.10 ",
6/2/2014," $1,394.20 ",
6/3/2014," $1,394.70 ",
6/4/2014," $1,394.50 ",
6/5/2014," $1,403.50 ",
6/6/2014," $1,402.70 ",
6/9/2014," $1,404.10 ",
6/10/2014," $1,410.30 ",
6/11/2014," $1,411.40 ",
6/12/2014," $1,424.20 ",
6/13/2014," $1,424.30 ",
6/16/2014," $1,425.50 ",
6/17/2014," $1,422.20 ",
6/18/2014," $1,422.90 ",
6/19/2014," $1,464.30 ",
6/20/2014," $1,466.80 ",
6/23/2014," $1,468.60 ",
6/24/2014," $1,471.50 ",
6/25/2014," $1,472.80 ",
6/26/2014," $1,467.20 ",
6/27/2014," $1,470.20 ",
6/30/2014," $1,472.20 ",
7/1/2014," $1,476.80 ",
7/2/2014," $1,481.10 ",
7/3/2014," $1,470.80 ",
7/4/2014,#N/A,
7/7/2014," $1,467.20 ",
7/8/2014," $1,466.70 ",
7/9/2014," $1,474.50 ",
7/10/2014," $1,489.40 ",
7/11/2014," $1,487.60 ",
7/14/2014," $1,456.90 ",
7/15/2014," $1,447.30 ",
7/16/2014," $1,450.00 ",
7/17/2014," $1,467.10 ",
7/18/2014," $1,459.60 ",
7/21/2014," $1,464.10 ",
7/22/2014," $1,456.50 ",
7/23/2014," $1,454.90 ",
7/24/2014," $1,441.00 ",
7/25/2014," $1,453.50 ",
7/28/2014," $1,453.50 ",
7/29/2014," $1,448.50 ",
7/30/2014," $1,445.10 ",
7/31/2014," $1,431.50 ",
8/1/2014," $1,443.80 ",
8/4/2014," $1,437.90 ",
8/5/2014," $1,434.30 ",
8/6/2014," $1,457.20 ",
8/7/2014," $1,461.50 ",
8/8/2014," $1,460.00 ",
8/11/2014," $1,459.50 ",
8/12/2014," $1,459.60 ",
8/13/2014," $1,463.50 ",
8/14/2014," $1,464.70 ",
8/15/2014," $1,455.20 ",
8/18/2014," $1,448.30 ",
8/19/2014," $1,445.70 ",
8/20/2014," $1,444.20 ",
8/21/2014," $1,424.40 ",
8/22/2014," $1,429.20 ",
8/25/2014," $1,427.90 ",
8/26/2014," $1,434.20 ",
8/27/2014," $1,432.40 ",
8/28/2014," $1,439.40 ",
8/29/2014," $1,436.40 ",
9/1/2014,#N/A,
9/2/2014," $1,414.00 ",
9/3/2014," $1,419.30 ",
9/4/2014," $1,415.50 ",
9/5/2014," $1,416.30 ",
9/8/2014," $1,403.30 ",
9/9/2014," $1,397.50 ",
9/10/2014," $1,394.30 ",
9/11/2014," $1,388.00 ",
9/12/2014," $1,380.50 ",
9/15/2014," $1,384.10 ",
9/16/2014," $1,385.70 ",
9/17/2014," $1,384.90 ",
9/18/2014," $1,375.90 ",
9/19/2014," $1,365.60 ",
9/22/2014," $1,366.90 ",
9/23/2014," $1,371.00 ",
9/24/2014," $1,368.50 ",
9/25/2014," $1,370.90 ",
9/26/2014," $1,364.40 ",
9/29/2014," $1,367.80 ",
9/30/2014," $1,360.60 ",
10/1/2014," $1,364.50 ",
10/2/2014," $1,364.10 ",
10/3/2014," $1,341.90 ",
10/6/2014," $1,356.30 ",
10/7/2014," $1,361.40 ",
10/8/2014," $1,355.00 ",
10/9/2014," $1,374.30 ",
10/10/2014," $1,370.70 ",
10/13/2014," $1,379.00 ",
10/14/2014," $1,383.30 ",
10/15/2014," $1,393.80 ",
10/16/2014," $1,390.20 ",
10/17/2014," $1,388.00 ",
10/20/2014," $1,393.70 ",
10/21/2014," $1,400.70 ",
10/22/2014," $1,394.50 ",
10/23/2014," $1,378.10 ",
10/24/2014," $1,380.80 ",
10/27/2014," $1,378.30 ",
10/28/2014," $1,378.40 ",
10/29/2014," $1,373.90 ",
10/30/2014," $1,347.60 ",
10/31/2014," $1,320.60 ",
11/3/2014," $1,318.80 ",
11/4/2014," $1,316.70 ",
11/5/2014," $1,294.70 ",
11/6/2014," $1,291.60 ",
11/7/2014," $1,318.80 ",
11/10/2014," $1,308.80 ",
11/11/2014," $1,312.00 ",
11/12/2014," $1,308.10 ",
11/13/2014," $1,310.50 ",
11/14/2014," $1,334.60 ",
11/17/2014," $1,332.50 ",
11/18/2014," $1,346.10 ",
11/19/2014," $1,342.90 ",
11/20/2014," $1,339.90 ",
11/21/2014," $1,346.70 ",
11/24/2014," $1,344.70 ",
11/25/2014," $1,346.10 ",
11/26/2014," $1,345.60 ",
11/27/2014,#N/A,
11/28/2014," $1,324.20 ",
12/1/2014," $1,367.00 ",
12/2/2014," $1,348.30 ",
12/3/2014," $1,357.60 ",
12/4/2014," $1,356.60 ",
12/5/2014," $1,339.30 ",
12/8/2014," $1,343.80 ",
12/9/2014," $1,380.90 ",
12/10/2014," $1,378.30 ",
12/11/2014," $1,374.50 ",
12/12/2014," $1,371.40 ",
12/15/2014," $1,356.60 ",
12/16/2014," $1,343.20 ",
12/17/2014," $1,343.40 ",
12/18/2014," $1,343.70 ",
12/19/2014," $1,344.90 ",
12/22/2014," $1,328.70 ",
12/23/2014," $1,326.90 ",
12/24/2014," $1,322.40 ",
12/25/2014,#N/A,
12/26/2014," $1,344.20 ",
12/29/2014," $1,330.80 ",
12/30/2014," $1,349.30 ",
12/31/2014," $1,333.00 ",
1/1/2015,#N/A,
1/2/2015," $1,335.10 ",
1/5/2015," $1,352.90 ",
1/6/2015," $1,368.30 ",
1/7/2015," $1,359.60 ",
1/8/2015," $1,357.40 ",
1/9/2015," $1,365.00 ",
1/12/2015," $1,381.70 ",
1/13/2015," $1,383.30 ",
1/14/2015," $1,383.40 ",
1/15/2015," $1,413.70 ",
1/16/2015," $1,425.80 ",
1/19/2015,#N/A,
1/20/2015," $1,443.10 ",
1/21/2015," $1,442.60 ",
1/22/2015," $1,449.60 ",
1/23/2015," $1,441.50 ",
1/26/2015," $1,428.30 ",
1/27/2015," $1,440.60 ",
1/28/2015," $1,434.80 ",
1/29/2015," $1,403.50 ",
1/30/2015," $1,427.40 ",
2/2/2015," $1,425.10 ",
2/3/2015," $1,408.50 ",
2/4/2015," $1,412.70 ",
2/5/2015," $1,410.90 ",
2/6/2015," $1,382.80 ",
2/9/2015," $1,389.70 ",
2/10/2015," $1,380.40 ",
2/11/2015," $1,367.80 ",
2/12/2015," $1,368.90 ",
2/13/2015," $1,375.30 ",
2/16/2015,#N/A,
2/17/2015," $1,356.80 ",
2/18/2015," $1,348.40 ",
2/19/2015," $1,355.80 ",
2/20/2015," $1,353.10 ",
2/23/2015," $1,349.00 ",
2/24/2015," $1,345.50 ",
2/25/2015," $1,349.70 ",
2/26/2015," $1,358.30 ",
2/27/2015," $1,361.30 ",
3/2/2015," $1,356.40 ",
3/3/2015," $1,352.60 ",
3/4/2015," $1,349.10 ",
3/5/2015," $1,344.40 ",
3/6/2015," $1,312.50 ",
3/9/2015," $1,314.70 ",
3/10/2015," $1,308.30 ",
3/11/2015," $1,298.80 ",
3/12/2015," $1,300.10 ",
3/13/2015," $1,300.60 ",
3/16/2015," $1,301.40 ",
3/17/2015," $1,296.40 ",
3/18/2015," $1,299.50 ",
3/19/2015," $1,317.20 ",
3/20/2015," $1,332.80 ",
3/23/2015," $1,335.90 ",
3/24/2015," $1,339.60 ",
3/25/2015," $1,345.20 ",
3/26/2015," $1,353.00 ",
3/27/2015," $1,348.00 ",
3/30/2015," $1,333.00 ",
3/31/2015," $1,331.30 ",
4/1/2015," $1,356.30 ",
4/2/2015," $1,349.10 ",
4/3/2015," $1,349.10 ",
4/6/2015," $1,366.80 ",
4/7/2015," $1,358.80 ",
4/8/2015," $1,351.30 ",
4/9/2015," $1,341.80 ",
4/10/2015," $1,352.80 ",
4/13/2015," $1,347.50 ",
4/14/2015," $1,340.80 ",
4/15/2015," $1,349.50 ",
4/16/2015," $1,346.20 ",
4/17/2015," $1,351.30 ",
4/20/2015," $1,341.90 ",
4/21/2015," $1,351.30 ",
4/22/2015," $1,335.10 ",
4/23/2015," $1,342.50 ",
4/24/2015," $1,323.20 ",
4/27/2015," $1,351.40 ",
4/28/2015," $1,362.10 ",
4/29/2015," $1,358.20 ",
4/30/2015," $1,330.60 ",
5/1/2015," $1,322.70 ",
5/4/2015," $1,335.00 ",
5/5/2015," $1,341.40 ",
5/6/2015," $1,338.50 ",
5/7/2015," $1,330.40 ",
5/8/2015," $1,337.10 ",
5/11/2015," $1,331.20 ",
5/12/2015," $1,340.60 ",
5/13/2015," $1,366.40 ",
5/14/2015," $1,373.40 ",
5/15/2015," $1,373.50 ",
5/18/2015," $1,375.80 ",
5/19/2015," $1,354.90 ",
5/20/2015," $1,356.90 ",
5/21/2015," $1,352.30 ",
5/22/2015," $1,352.20 ",
5/25/2015,#N/A,
5/26/2015," $1,335.10 ",
5/27/2015," $1,333.80 ",
5/28/2015," $1,336.30 ",
5/29/2015," $1,337.60 ",
6/1/2015," $1,336.50 ",
6/2/2015," $1,342.20 ",
6/3/2015," $1,332.70 ",
6/4/2015," $1,323.00 ",
6/5/2015," $1,315.90 ",
6/8/2015," $1,321.40 ",
6/9/2015," $1,325.40 ",
6/10/2015," $1,334.40 ",
6/11/2015," $1,328.20 ",
6/12/2015," $1,327.00 ",
6/15/2015," $1,333.60 ",
6/16/2015," $1,328.70 ",
6/17/2015," $1,324.60 ",
6/18/2015," $1,349.80 ",
6/19/2015," $1,349.70 ",
6/22/2015," $1,331.90 ",
6/23/2015," $1,324.40 ",
6/24/2015," $1,320.70 ",
6/25/2015," $1,319.60 ",
6/26/2015," $1,321.00 ",
6/29/2015," $1,326.80 ",
6/30/2015," $1,319.60 ",
7/1/2015," $1,317.10 ",
7/2/2015," $1,311.30 ",
7/3/2015,#N/A,
7/6/2015," $1,321.00 ",
7/7/2015," $1,300.40 ",
7/8/2015," $1,311.30 ",
7/9/2015," $1,307.00 ",
7/10/2015," $1,305.70 ",
7/13/2015," $1,303.20 ",
7/14/2015," $1,301.30 ",
7/15/2015," $1,295.20 ",
7/16/2015," $1,291.70 ",
7/17/2015," $1,279.70 ",
7/20/2015," $1,254.60 ",
7/21/2015," $1,251.30 ",
7/22/2015," $1,239.30 ",
7/23/2015," $1,241.90 ",
7/24/2015," $1,233.30 ",
7/27/2015," $1,244.20 ",
7/28/2015," $1,244.00 ",
7/29/2015," $1,240.40 ",
7/30/2015," $1,236.20 ",
7/31/2015," $1,242.70 ",
8/3/2015," $1,237.20 ",
8/4/2015," $1,238.50 ",
8/5/2015," $1,233.40 ",
8/6/2015," $1,237.90 ",
8/7/2015," $1,241.90 ",
8/10/2015," $1,251.90 ",
8/11/2015," $1,255.50 ",
8/12/2015," $1,271.40 ",
8/13/2015," $1,263.40 ",
8/14/2015," $1,260.50 ",
8/17/2015," $1,266.20 ",
8/18/2015," $1,264.70 ",
8/19/2015," $1,275.70 ",
8/20/2015," $1,301.00 ",
8/21/2015," $1,307.40 ",
8/24/2015," $1,301.40 ",
8/25/2015," $1,286.10 ",
8/26/2015," $1,272.40 ",
8/27/2015," $1,270.40 ",
8/28/2015," $1,281.80 ",
8/31/2015," $1,280.30 ",
9/1/2015," $1,287.60 ",
9/2/2015," $1,281.40 ",
9/3/2015," $1,272.30 ",
9/4/2015," $1,269.20 ",
9/7/2015,#N/A,
9/8/2015," $1,268.80 ",
9/9/2015," $1,249.80 ",
9/10/2015," $1,257.10 ",
9/11/2015," $1,251.10 ",
9/14/2015," $1,255.50 ",
9/15/2015," $1,250.40 ",
9/16/2015," $1,266.80 ",
9/17/2015," $1,264.80 ",
9/18/2015," $1,285.60 ",
9/21/2015," $1,280.60 ",
9/22/2015," $1,272.60 ",
9/23/2015," $1,279.30 ",
9/24/2015," $1,301.60 ",
9/25/2015," $1,293.40 ",
9/28/2015," $1,279.50 ",
9/29/2015," $1,274.60 ",
9/30/2015," $1,263.00 ",
10/1/2015," $1,261.50 ",
10/2/2015," $1,284.40 ",
10/5/2015," $1,285.40 ",
10/6/2015," $1,294.20 ",
10/7/2015," $1,296.50 ",
10/8/2015," $1,292.10 ",
10/9/2015," $1,303.70 ",
10/12/2015," $1,312.30 ",
10/13/2015," $1,313.20 ",
10/14/2015," $1,327.60 ",
10/15/2015," $1,335.30 ",
10/16/2015," $1,330.90 ",
10/19/2015," $1,320.60 ",
10/20/2015," $1,325.30 ",
10/21/2015," $1,314.90 ",
10/22/2015," $1,313.90 ",
10/23/2015," $1,310.60 ",
10/26/2015," $1,314.00 ",
10/27/2015," $1,313.60 ",
10/28/2015," $1,323.90 ",
10/29/2015," $1,295.10 ",
10/30/2015," $1,289.20 ",
11/2/2015," $1,283.70 ",
11/3/2015," $1,261.90 ",
11/4/2015," $1,254.00 ",
11/5/2015," $1,252.00 ",
11/6/2015," $1,235.50 ",
11/9/2015," $1,235.90 ",
11/10/2015," $1,236.30 ",
11/11/2015," $1,232.70 ",
11/12/2015," $1,228.80 ",
11/13/2015," $1,228.70 ",
11/16/2015," $1,231.40 ",
11/17/2015," $1,216.40 ",
11/18/2015," $1,216.50 ",
11/19/2015," $1,225.70 ",
11/20/2015," $1,224.10 ",
11/23/2015," $1,214.60 ",
11/24/2015," $1,221.60 ",
11/25/2015," $1,217.80 ",
11/26/2015,#N/A,
11/27/2015," $1,204.00 ",
11/30/2015," $1,213.60 ",
12/1/2015," $1,211.60 ",
12/2/2015," $1,202.00 ",
12/3/2015," $1,209.40 ",
12/4/2015," $1,232.30 ",
12/7/2015," $1,223.40 ",
12/8/2015," $1,223.50 ",
12/9/2015," $1,224.70 ",
12/10/2015," $1,220.20 ",
12/11/2015," $1,223.90 ",
12/14/2015," $1,211.60 ",
12/15/2015," $1,209.80 ",
12/16/2015," $1,225.00 ",
12/17/2015," $1,197.80 ",
12/18/2015," $1,213.20 ",
12/21/2015," $1,228.80 ",
12/22/2015," $1,222.30 ",
12/23/2015," $1,216.50 ",
12/24/2015," $1,224.10 ",
12/25/2015,#N/A,
12/28/2015," $1,216.50 ",
12/29/2015," $1,216.20 ",
12/30/2015," $1,208.00 ",
12/31/2015," $1,208.40 ",
1/1/2016,#N/A,
1/4/2016," $1,223.40 ",
1/5/2016," $1,226.60 ",
1/6/2016," $1,240.10 ",
1/7/2016," $1,256.00 ",
1/8/2016," $1,246.10 ",
1/11/2016," $1,244.40 ",
1/12/2016," $1,233.40 ",
1/13/2016," $1,235.30 ",
1/14/2016," $1,221.80 ",
1/15/2016," $1,238.90 ",
1/18/2016,#N/A,
1/19/2016," $1,237.30 ",
1/20/2016," $1,254.40 ",
1/21/2016," $1,246.40 ",
1/22/2016," $1,244.50 ",
1/25/2016," $1,253.50 ",
1/26/2016," $1,268.40 ",
1/27/2016," $1,264.00 ",
1/28/2016," $1,263.80 ",
1/29/2016," $1,264.60 ",
2/1/2016," $1,276.10 ",
2/2/2016," $1,275.30 ",
2/3/2016," $1,289.40 ",
2/4/2016," $1,305.60 ",
2/5/2016," $1,305.80 ",
2/8/2016," $1,346.00 ",
2/9/2016," $1,346.70 ",
2/10/2016," $1,342.70 ",
2/11/2016," $1,395.90 ",
2/12/2016," $1,387.50 ",
2/15/2016,#N/A,
2/16/2016," $1,356.30 ",
2/17/2016," $1,359.50 ",
2/18/2016," $1,374.40 ",
2/19/2016," $1,378.90 ",
2/22/2016," $1,358.20 ",
2/23/2016," $1,370.70 ",
2/24/2016," $1,387.20 ",
2/25/2016," $1,386.90 ",
2/26/2016," $1,368.50 ",
2/29/2016," $1,382.50 ",
3/1/2016," $1,378.90 ",
3/2/2016," $1,389.90 ",
3/3/2016," $1,406.30 ",
3/4/2016," $1,418.80 ",
3/7/2016," $1,412.10 ",
3/8/2016," $1,411.00 ",
3/9/2016," $1,405.50 ",
3/10/2016," $1,420.90 ",
3/11/2016," $1,407.50 ",
3/14/2016," $1,393.20 ",
3/15/2016," $1,379.10 ",
3/16/2016," $1,377.90 ",
3/17/2016," $1,413.10 ",
3/18/2016," $1,402.40 ",
3/21/2016," $1,392.30 ",
3/22/2016," $1,396.70 ",
3/23/2016," $1,372.10 ",
3/24/2016," $1,369.70 ",
3/25/2016,#N/A,
3/28/2016," $1,368.20 ",
3/29/2016," $1,383.90 ",
3/30/2016," $1,375.00 ",
3/31/2016," $1,382.30 ",
4/1/2016," $1,370.30 ",
4/4/2016," $1,366.10 ",
4/5/2016," $1,376.40 ",
4/6/2016," $1,370.60 ",
4/7/2016," $1,384.30 ",
4/8/2016," $1,390.60 ",
4/11/2016," $1,404.80 ",
4/12/2016," $1,407.70 ",
4/13/2016," $1,395.10 ",
4/14/2016," $1,373.30 ",
4/15/2016," $1,381.40 ",
4/18/2016," $1,381.80 ",
4/19/2016," $1,401.10 ",
4/20/2016," $1,401.20 ",
4/21/2016," $1,397.10 ",
4/22/2016," $1,376.80 ",
4/25/2016," $1,387.00 ",
4/26/2016," $1,390.20 ",
4/27/2016," $1,397.20 ",
4/28/2016," $1,413.20 ",
4/29/2016," $1,437.30 ",
5/2/2016," $1,442.60 ",
5/3/2016," $1,438.60 ",
5/4/2016," $1,421.20 ",
5/5/2016," $1,419.10 ",
5/6/2016," $1,440.80 ",
5/9/2016," $1,413.40 ",
5/10/2016," $1,411.60 ",
5/11/2016," $1,422.30 ",
5/12/2016," $1,418.00 ",
5/13/2016," $1,419.50 ",
5/16/2016," $1,421.00 ",
5/17/2016," $1,423.70 ",
5/18/2016," $1,421.20 ",
5/19/2016," $1,401.60 ",
5/20/2016," $1,399.70 ",
5/23/2016," $1,398.30 ",
5/24/2016," $1,376.00 ",
5/25/2016," $1,370.60 ",
5/26/2016," $1,367.20 ",
5/27/2016," $1,360.60 ",
5/30/2016,#N/A,
5/31/2016," $1,361.60 ",
6/1/2016," $1,358.70 ",
6/2/2016," $1,356.60 ",
6/3/2016," $1,386.90 ",
6/6/2016," $1,391.40 ",
6/7/2016," $1,391.00 ",
6/8/2016," $1,406.30 ",
6/9/2016," $1,416.70 ",
6/10/2016," $1,419.90 ",
6/13/2016," $1,430.90 ",
6/14/2016," $1,432.10 ",
6/15/2016," $1,432.30 ",
6/16/2016," $1,442.40 ",
6/17/2016," $1,438.80 ",
6/20/2016," $1,436.10 ",
6/21/2016," $1,416.50 ",
6/22/2016," $1,414.00 ",
6/23/2016," $1,407.10 ",
6/24/2016," $1,466.40 ",
6/27/2016," $1,468.70 ",
6/28/2016," $1,461.90 ",
6/29/2016," $1,470.90 ",
6/30/2016," $1,464.60 ",
7/1/2016," $1,483.00 ",
7/4/2016,#N/A,
7/5/2016," $1,502.70 ",
7/6/2016," $1,511.10 ",
7/7/2016," $1,506.10 ",
7/8/2016," $1,502.40 ",
7/11/2016," $1,500.60 ",
7/12/2016," $1,479.30 ",
7/13/2016," $1,487.60 ",
7/14/2016," $1,476.20 ",
7/15/2016," $1,471.40 ",
7/18/2016," $1,473.30 ",
7/19/2016," $1,476.30 ",
7/20/2016," $1,463.30 ",
7/21/2016," $1,475.00 ",
7/22/2016," $1,467.40 ",
7/25/2016," $1,463.50 ",
7/26/2016," $1,464.80 ",
7/27/2016," $1,470.70 ",
7/28/2016," $1,476.30 ",
7/29/2016," $1,493.00 ",
8/1/2016," $1,495.40 ",
8/2/2016," $1,508.40 ",
8/3/2016," $1,500.50 ",
8/4/2016," $1,503.20 ",
8/5/2016," $1,480.20 ",
8/8/2016," $1,477.10 ",
8/9/2016," $1,482.50 ",
8/10/2016," $1,487.70 ",
8/11/2016," $1,485.80 ",
8/12/2016," $1,479.00 ",
8/15/2016," $1,483.30 ",
8/16/2016," $1,492.70 ",
8/17/2016," $1,484.60 ",
8/18/2016," $1,493.00 ",
8/19/2016," $1,482.00 ",
8/22/2016," $1,479.20 ",
8/23/2016," $1,481.90 ",
8/24/2016," $1,465.50 ",
8/25/2016," $1,460.40 ",
8/26/2016," $1,461.70 ",
8/29/2016," $1,462.90 ",
8/30/2016," $1,452.30 ",
8/31/2016," $1,447.20 ",
9/1/2016," $1,452.90 ",
9/2/2016," $1,462.50 ",
9/5/2016,#N/A,
9/6/2016," $1,489.80 ",
9/7/2016," $1,485.00 ",
9/8/2016," $1,477.40 ",
9/9/2016," $1,470.30 ",
9/12/2016," $1,461.40 ",
9/13/2016," $1,459.50 ",
9/14/2016," $1,461.90 ",
9/15/2016," $1,453.80 ",
9/16/2016," $1,446.00 ",
9/19/2016," $1,453.60 ",
9/20/2016," $1,454.00 ",
9/21/2016," $1,467.20 ",
9/22/2016," $1,480.50 ",
9/23/2016," $1,477.50 ",
9/26/2016," $1,479.90 ",
9/27/2016," $1,466.20 ",
9/28/2016," $1,459.50 ",
9/29/2016," $1,461.80 ",
9/30/2016," $1,452.90 ",
10/3/2016," $1,448.50 ",
10/4/2016," $1,405.50 ",
10/5/2016," $1,404.40 ",
10/6/2016," $1,388.80 ",
10/7/2016," $1,387.70 ",
10/10/2016," $1,396.20 ",
10/11/2016," $1,391.70 ",
10/12/2016," $1,389.60 ",
10/13/2016," $1,393.40 ",
10/14/2016," $1,391.30 ",
10/17/2016," $1,392.40 ",
10/18/2016," $1,398.70 ",
10/19/2016," $1,405.70 ",
10/20/2016," $1,403.30 ",
10/21/2016," $1,403.50 ",
10/24/2016," $1,399.50 ",
10/25/2016," $1,409.40 ",
10/26/2016," $1,402.40 ",
10/27/2016," $1,405.30 ",
10/28/2016," $1,412.60 ",
10/31/2016," $1,408.90 ",
11/1/2016," $1,423.80 ",
11/2/2016," $1,444.00 ",
11/3/2016," $1,439.10 ",
11/4/2016," $1,440.30 ",
11/7/2016," $1,415.20 ",
11/8/2016," $1,410.30 ",
11/9/2016," $1,409.30 ",
11/10/2016," $1,402.20 ",
11/11/2016," $1,360.10 ",
11/14/2016," $1,357.50 ",
11/15/2016," $1,360.30 ",
11/16/2016," $1,359.70 ",
11/17/2016," $1,352.70 ",
11/18/2016," $1,344.50 ",
11/21/2016," $1,345.60 ",
11/22/2016," $1,347.00 ",
11/23/2016," $1,325.10 ",
11/24/2016,#N/A,
11/25/2016," $1,314.20 ",
11/28/2016," $1,326.60 ",
11/29/2016," $1,323.70 ",
11/30/2016," $1,306.60 ",
12/1/2016," $1,302.70 ",
12/2/2016," $1,310.90 ",
12/5/2016," $1,309.60 ",
12/6/2016," $1,303.20 ",
12/7/2016," $1,310.60 ",
12/8/2016," $1,305.50 ",
12/9/2016," $1,295.00 ",
12/12/2016," $1,298.90 ",
12/13/2016," $1,292.10 ",
12/14/2016," $1,296.80 ",
12/15/2016," $1,262.90 ",
12/16/2016," $1,270.50 ",
12/19/2016," $1,275.80 ",
12/20/2016," $1,266.70 ",
12/21/2016," $1,266.30 ",
12/22/2016," $1,263.80 ",
12/23/2016," $1,266.70 ",
12/26/2016,#N/A,
12/27/2016," $1,271.90 ",
12/28/2016," $1,274.00 ",
12/29/2016," $1,291.20 ",
12/30/2016," $1,284.80 ",
1/2/2017,#N/A,
1/3/2017," $1,295.10 ",
1/4/2017," $1,298.40 ",
1/5/2017," $1,314.40 ",
1/6/2017," $1,306.50 ",
1/9/2017," $1,318.00 ",
1/10/2017," $1,318.60 ",
1/11/2017," $1,329.70 ",
1/12/2017," $1,332.90 ",
1/13/2017," $1,329.30 ",
1/16/2017,#N/A,
1/17/2017," $1,346.00 ",
1/18/2017," $1,345.20 ",
1/19/2017," $1,334.60 ",
1/20/2017," $1,338.00 ",
1/23/2017," $1,348.70 ",
1/24/2017," $1,343.90 ",
1/25/2017," $1,330.90 ",
1/26/2017," $1,322.90 ",
1/27/2017," $1,321.50 ",
1/30/2017," $1,326.30 ",
1/31/2017," $1,341.70 ",
2/1/2017," $1,338.70 ",
2/2/2017," $1,349.80 ",
2/3/2017," $1,351.20 ",
2/6/2017," $1,362.50 ",
2/7/2017," $1,366.50 ",
2/8/2017," $1,369.90 ",
2/9/2017," $1,367.20 ",
2/10/2017," $1,366.30 ",
2/13/2017," $1,356.20 ",
2/14/2017," $1,355.80 ",
2/15/2017," $1,363.50 ",
2/16/2017," $1,372.00 ",
2/17/2017," $1,369.50 ",
2/20/2017,#N/A,
2/21/2017," $1,369.30 ",
2/22/2017," $1,363.70 ",
2/23/2017," $1,381.80 ",
2/24/2017," $1,388.70 ",
2/27/2017," $1,389.20 ",
2/28/2017," $1,384.30 ",
3/1/2017," $1,380.40 ",
3/2/2017," $1,363.30 ",
3/3/2017," $1,356.90 ",
3/6/2017," $1,355.90 ",
3/7/2017," $1,346.50 ",
3/8/2017," $1,339.80 ",
3/9/2017," $1,333.60 ",
3/10/2017," $1,331.80 ",
3/13/2017," $1,333.50 ",
3/14/2017," $1,333.00 ",
3/15/2017," $1,331.10 ",
3/16/2017," $1,357.50 ",
3/17/2017," $1,360.60 ",
3/20/2017," $1,364.40 ",
3/21/2017," $1,376.90 ",
3/22/2017," $1,380.10 ",
3/23/2017," $1,377.60 ",
3/24/2017," $1,378.90 ",
3/27/2017," $1,386.10 ",
3/28/2017," $1,386.00 ",
3/29/2017," $1,384.10 ",
3/30/2017," $1,375.40 ",
3/31/2017," $1,377.70 ",
4/3/2017," $1,381.20 ",
4/4/2017," $1,385.60 ",
4/5/2017," $1,375.70 ",
4/6/2017," $1,380.50 ",
4/7/2017," $1,384.50 ",
4/10/2017," $1,381.10 ",
4/11/2017," $1,401.40 ",
4/12/2017," $1,405.30 ",
4/13/2017," $1,415.70 ",
4/14/2017,#N/A,
4/17/2017," $1,419.10 ",
4/18/2017," $1,421.30 ",
4/19/2017," $1,410.60 ",
4/20/2017," $1,411.00 ",
4/21/2017," $1,416.30 ",
4/24/2017," $1,404.70 ",
4/25/2017," $1,394.40 ",
4/26/2017," $1,391.40 ",
4/27/2017," $1,393.10 ",
4/28/2017," $1,395.50 ",
5/1/2017," $1,382.70 ",
5/2/2017," $1,384.20 ",
5/3/2017," $1,375.70 ",
5/4/2017," $1,355.80 ",
5/5/2017," $1,354.10 ",
5/8/2017," $1,354.30 ",
5/9/2017," $1,343.30 ",
5/10/2017," $1,346.10 ",
5/11/2017," $1,351.40 ",
5/12/2017," $1,354.90 ",
5/15/2017," $1,357.20 ",
5/16/2017," $1,363.60 ",
5/17/2017," $1,385.90 ",
5/18/2017," $1,380.00 ",
5/19/2017," $1,380.80 ",
5/22/2017," $1,388.60 ",
5/23/2017," $1,382.70 ",
5/24/2017," $1,380.30 ",
5/25/2017," $1,383.60 ",
5/26/2017," $1,395.30 ",
5/29/2017,#N/A,
5/30/2017," $1,389.30 ",
5/31/2017," $1,399.20 ",
6/1/2017," $1,394.20 ",
6/2/2017," $1,404.00 ",
6/5/2017," $1,406.50 ",
6/6/2017," $1,421.30 ",
6/7/2017," $1,417.00 ",
6/8/2017," $1,403.30 ",
6/9/2017," $1,395.20 ",
6/12/2017," $1,392.70 ",
6/13/2017," $1,392.40 ",
6/14/2017," $1,399.70 ",
6/15/2017," $1,378.40 ",
6/16/2017," $1,380.30 ",
6/19/2017," $1,370.50 ",
6/20/2017," $1,367.30 ",
6/21/2017," $1,369.60 ",
6/22/2017," $1,373.20 ",
6/23/2017," $1,380.20 ",
6/26/2017," $1,370.20 ",
6/27/2017," $1,370.70 ",
6/28/2017," $1,372.90 ",
6/29/2017," $1,369.60 ",
6/30/2017," $1,366.10 ",
7/3/2017," $1,343.00 ",
7/4/2017,#N/A,
7/5/2017," $1,345.50 ",
7/6/2017," $1,347.10 ",
7/7/2017," $1,333.50 ",
7/10/2017," $1,337.00 ",
7/11/2017," $1,338.50 ",
7/12/2017," $1,342.90 ",
7/13/2017," $1,341.10 ",
7/14/2017," $1,351.30 ",
7/17/2017," $1,357.50 ",
7/18/2017," $1,365.70 ",
7/19/2017," $1,365.80 ",
7/20/2017," $1,369.30 ",
7/21/2017," $1,378.70 ",
7/24/2017," $1,378.10 ",
7/25/2017," $1,375.90 ",
7/26/2017," $1,373.20 ",
7/27/2017," $1,383.80 ",
7/28/2017," $1,392.20 ",
7/31/2017," $1,390.40 ",
8/1/2017," $1,396.40 ",
8/2/2017," $1,395.60 ",
8/3/2017," $1,391.60 ",
8/4/2017," $1,381.80 ",
8/7/2017," $1,381.90 ",
8/8/2017," $1,379.80 ",
8/9/2017," $1,396.50 ",
8/10/2017," $1,407.30 ",
8/11/2017," $1,411.20 ",
8/14/2017," $1,407.60 ",
8/15/2017," $1,396.90 ",
8/16/2017," $1,400.10 ",
8/17/2017," $1,409.60 ",
8/18/2017," $1,408.80 ",
8/21/2017," $1,413.90 ",
8/22/2017," $1,408.20 ",
8/23/2017," $1,411.90 ",
8/24/2017," $1,409.20 ",
8/25/2017," $1,415.10 ",
8/28/2017," $1,432.50 ",
8/29/2017," $1,436.10 ",
8/30/2017," $1,431.30 ",
8/31/2017," $1,439.40 ",
9/1/2017," $1,447.60 ",
9/4/2017,#N/A,
9/5/2017," $1,461.70 ",
9/6/2017," $1,456.20 ",
9/7/2017," $1,467.50 ",
9/8/2017," $1,468.40 ",
9/11/2017," $1,452.90 ",
9/12/2017," $1,449.90 ",
9/13/2017," $1,445.20 ",
9/14/2017," $1,446.50 ",
9/15/2017," $1,442.40 ",
9/18/2017," $1,428.00 ",
9/19/2017," $1,427.80 ",
9/20/2017," $1,433.60 ",
9/21/2017," $1,412.00 ",
9/22/2017," $1,414.70 ",
9/25/2017," $1,428.70 ",
9/26/2017," $1,418.90 ",
9/27/2017," $1,405.00 ",
9/28/2017," $1,405.90 ",
9/29/2017," $1,402.00 ",
10/2/2017," $1,393.00 ",
10/3/2017," $1,391.80 ",
10/4/2017," $1,394.00 ",
10/5/2017," $1,390.40 ",
10/6/2017," $1,392.10 ",
10/9/2017," $1,402.20 ",
10/10/2017," $1,411.00 ",
10/11/2017," $1,406.10 ",
10/12/2017," $1,413.70 ",
10/13/2017," $1,421.80 ",
10/16/2017," $1,420.20 ",
10/17/2017," $1,403.40 ",
10/18/2017," $1,400.20 ",
10/19/2017," $1,407.20 ",
10/20/2017," $1,397.70 ",
10/23/2017," $1,398.10 ",
10/24/2017," $1,395.50 ",
10/25/2017," $1,396.20 ",
10/26/2017," $1,386.80 ",
10/27/2017," $1,389.00 ",
10/30/2017," $1,394.90 ",
10/31/2017," $1,387.70 ",
11/1/2017," $1,394.50 ",
11/2/2017," $1,395.30 ",
11/3/2017," $1,386.40 ",
11/6/2017," $1,398.80 ",
11/7/2017," $1,393.00 ",
11/8/2017," $1,400.90 ",
11/9/2017," $1,404.70 ",
11/10/2017," $1,391.40 ",
11/13/2017," $1,396.10 ",
11/14/2017," $1,400.10 ",
11/15/2017," $1,394.90 ",
11/16/2017," $1,395.40 ",
11/17/2017," $1,413.70 ",
11/20/2017," $1,392.50 ",
11/21/2017," $1,398.90 ",
11/22/2017," $1,409.40 ",
11/23/2017,#N/A,
11/24/2017," $1,404.50 ",
11/27/2017," $1,411.60 ",
11/28/2017," $1,412.10 ",
11/29/2017," $1,399.30 ",
11/30/2017," $1,390.40 ",
12/1/2017," $1,396.00 ",
12/4/2017," $1,391.50 ",
12/5/2017," $1,378.70 ",
12/6/2017," $1,379.90 ",
12/7/2017," $1,366.90 ",
12/8/2017," $1,362.20 ",
12/11/2017," $1,360.70 ",
12/12/2017," $1,355.50 ",
12/13/2017," $1,362.40 ",
12/14/2017," $1,370.90 ",
12/15/2017," $1,371.30 ",
12/18/2017," $1,379.30 ",
12/19/2017," $1,378.00 ",
12/20/2017," $1,383.40 ",
12/21/2017," $1,384.40 ",
12/22/2017," $1,392.60 ",
12/25/2017,#N/A,
12/26/2017," $1,401.30 ",
12/27/2017," $1,405.20 ",
12/28/2017," $1,411.00 ",
12/29/2017," $1,423.10 ",
1/1/2018,#N/A,
1/2/2018," $1,429.90 ",
1/3/2018," $1,432.30 ",
1/4/2018," $1,435.40 ",
1/5/2018," $1,436.10 ",
1/8/2018," $1,434.20 ",
1/9/2018," $1,427.50 ",
1/10/2018," $1,433.10 ",
1/11/2018," $1,436.30 ",
1/12/2018," $1,448.70 ",
1/15/2018,#N/A,
1/16/2018," $1,450.90 ",
1/17/2018," $1,453.00 ",
1/18/2018," $1,441.00 ",
1/19/2018," $1,446.90 ",
1/22/2018," $1,445.70 ",
1/23/2018," $1,450.50 ",
1/24/2018," $1,470.10 ",
1/25/2018," $1,476.70 ",
1/26/2018," $1,465.90 ",
1/29/2018," $1,454.10 ",
1/30/2018," $1,449.20 ",
1/31/2018," $1,452.80 ",
2/1/2018," $1,458.10 ",
2/2/2018," $1,447.50 ",
2/5/2018," $1,446.70 ",
2/6/2018," $1,439.70 ",
2/7/2018," $1,424.80 ",
2/8/2018," $1,429.20 ",
2/9/2018," $1,425.90 ",
2/12/2018," $1,436.60 ",
2/13/2018," $1,440.60 ",
2/14/2018," $1,468.20 ",
2/15/2018," $1,465.50 ",
2/16/2018," $1,466.40 ",
2/19/2018,#N/A,
2/20/2018," $1,441.40 ",
2/21/2018," $1,442.30 ",
2/22/2018," $1,442.90 ",
2/23/2018," $1,440.50 ",
2/26/2018," $1,443.00 ",
2/27/2018," $1,428.80 ",
2/28/2018," $1,428.10 ",
3/1/2018," $1,415.40 ",
3/2/2018," $1,433.60 ",
3/5/2018," $1,430.10 ",
3/6/2018," $1,445.40 ",
3/7/2018," $1,437.80 ",
3/8/2018," $1,431.90 ",
3/9/2018," $1,434.20 ",
3/12/2018," $1,431.00 ",
3/13/2018," $1,437.30 ",
3/14/2018," $1,435.80 ",
3/15/2018," $1,428.00 ",
3/16/2018," $1,422.50 ",
3/19/2018," $1,428.00 ",
3/20/2018," $1,422.10 ",
3/21/2018," $1,431.70 ",
3/22/2018," $1,437.60 ",
3/23/2018," $1,460.10 ",
3/26/2018," $1,465.20 ",
3/27/2018," $1,452.20 ",
3/28/2018," $1,434.40 ",
3/29/2018," $1,433.00 ",
3/30/2018,#N/A,
4/2/2018," $1,452.30 ",
4/3/2018," $1,442.70 ",
4/4/2018," $1,445.60 ",
4/5/2018," $1,433.90 ",
4/6/2018," $1,441.50 ",
4/9/2018," $1,445.50 ",
4/10/2018," $1,451.30 ",
4/11/2018," $1,465.40 ",
4/12/2018," $1,447.30 ",
4/13/2018," $1,453.30 ",
4/16/2018," $1,456.10 ",
4/17/2018," $1,454.90 ",
4/18/2018," $1,458.90 ",
4/19/2018," $1,454.20 ",
4/20/2018," $1,443.70 ",
4/23/2018," $1,429.40 ",
4/24/2018," $1,438.40 ",
4/25/2018," $1,428.20 ",
4/26/2018," $1,423.30 ",
4/27/2018," $1,428.80 ",
4/30/2018," $1,424.60 ",
5/1/2018," $1,412.20 ",
5/2/2018," $1,411.00 ",
5/3/2018," $1,418.10 ",
5/4/2018," $1,420.10 ",
5/7/2018," $1,419.50 ",
5/8/2018," $1,419.10 ",
5/9/2018," $1,418.40 ",
5/10/2018," $1,427.70 ",
5/11/2018," $1,426.10 ",
5/14/2018," $1,423.60 ",
5/15/2018," $1,395.70 ",
5/16/2018," $1,396.90 ",
5/17/2018," $1,394.80 ",
5/18/2018," $1,396.70 ",
5/21/2018," $1,396.30 ",
5/22/2018," $1,397.40 ",
5/23/2018," $1,395.00 ",
5/24/2018," $1,409.80 ",
5/25/2018," $1,409.10 ",
5/28/2018,#N/A,
5/29/2018," $1,404.40 ",
5/30/2018," $1,406.90 ",
5/31/2018," $1,405.50 ",
6/1/2018," $1,400.20 ",
6/4/2018," $1,398.50 ",
6/5/2018," $1,403.40 ",
6/6/2018," $1,402.60 ",
6/7/2018," $1,404.20 ",
6/8/2018," $1,403.90 ",
6/11/2018," $1,404.40 ",
6/12/2018," $1,400.60 ",
6/13/2018," $1,402.50 ",
6/14/2018," $1,409.50 ",
6/15/2018," $1,379.70 ",
6/18/2018," $1,381.30 ",
6/19/2018," $1,379.80 ",
6/20/2018," $1,375.70 ",
6/21/2018," $1,371.70 ",
6/22/2018," $1,371.90 ",
6/25/2018," $1,370.10 ",
6/26/2018," $1,361.10 ",
6/27/2018," $1,357.30 ",
6/28/2018," $1,352.20 ",
6/29/2018," $1,355.70 ",
7/2/2018," $1,342.90 ",
7/3/2018," $1,354.70 ",
7/4/2018,#N/A,
7/5/2018," $1,360.00 ",
7/6/2018," $1,357.00 ",
7/9/2018," $1,360.80 ",
7/10/2018," $1,356.60 ",
7/11/2018," $1,345.60 ",
7/12/2018," $1,347.80 ",
7/13/2018," $1,342.40 ",
7/16/2018," $1,340.90 ",
7/17/2018," $1,328.50 ",
7/18/2018," $1,329.10 ",
7/19/2018," $1,325.20 ",
7/20/2018," $1,332.30 ",
7/23/2018," $1,326.80 ",
7/24/2018," $1,326.70 ",
7/25/2018," $1,333.00 ",
7/26/2018," $1,326.90 ",
7/27/2018," $1,324.20 ",
7/30/2018," $1,322.50 ",
7/31/2018," $1,324.90 ",
8/1/2018," $1,319.10 ",
8/2/2018," $1,311.80 ",
8/3/2018," $1,314.90 ",
8/6/2018," $1,309.40 ",
8/7/2018," $1,310.00 ",
8/8/2018," $1,312.70 ",
8/9/2018," $1,311.60 ",
8/10/2018," $1,310.70 ",
8/13/2018," $1,290.60 ",
8/14/2018," $1,292.40 ",
8/15/2018," $1,276.70 ",
8/16/2018," $1,275.70 ",
8/17/2018," $1,275.90 ",
8/20/2018," $1,286.30 ",
8/21/2018," $1,291.70 ",
8/22/2018," $1,295.00 ",
8/23/2018," $1,285.70 ",
8/24/2018," $1,305.00 ",
8/27/2018," $1,307.70 ",
8/28/2018," $1,306.10 ",
8/29/2018," $1,303.20 ",
8/30/2018," $1,296.70 ",
8/31/2018," $1,298.40 ",
9/3/2018,#N/A,
9/4/2018," $1,290.80 ",
9/5/2018," $1,293.00 ",
9/6/2018," $1,296.00 ",
9/7/2018," $1,292.10 ",
9/10/2018," $1,291.50 ",
9/11/2018," $1,293.90 ",
9/12/2018," $1,302.60 ",
9/13/2018," $1,299.90 ",
9/14/2018," $1,292.80 ",
9/17/2018," $1,297.50 ",
9/18/2018," $1,294.60 ",
9/19/2018," $1,300.00 ",
9/20/2018," $1,303.00 ",
9/21/2018," $1,293.00 ",
9/24/2018," $1,296.10 ",
9/25/2018," $1,296.80 ",
9/26/2018," $1,290.80 ",
9/27/2018," $1,279.10 ",
9/28/2018," $1,287.90 ",
10/1/2018," $1,283.40 ",
10/2/2018," $1,298.70 ",
10/3/2018," $1,294.60 ",
10/4/2018," $1,293.30 ",
10/5/2018," $1,297.30 ",
10/8/2018," $1,280.30 ",
10/9/2018," $1,283.20 ",
10/10/2018," $1,285.10 ",
10/11/2018," $1,319.30 ",
10/12/2018," $1,313.70 ",
10/15/2018," $1,322.00 ",
10/16/2018," $1,322.70 ",
10/17/2018," $1,319.10 ",
10/18/2018," $1,321.80 ",
10/19/2018," $1,320.40 ",
10/22/2018," $1,316.30 ",
10/23/2018," $1,328.50 ",
10/24/2018," $1,322.80 ",
10/25/2018," $1,324.10 ",
10/26/2018," $1,327.50 ",
10/29/2018," $1,319.30 ",
10/30/2018," $1,317.00 ",
10/31/2018," $1,306.70 ",
11/1/2018," $1,330.30 ",
11/2/2018," $1,325.00 ",
11/5/2018," $1,324.00 ",
11/6/2018," $1,318.00 ",
11/7/2018," $1,320.40 ",
11/8/2018," $1,316.80 ",
11/9/2018," $1,300.30 ",
11/12/2018," $1,295.20 ",
11/13/2018," $1,293.10 ",
11/14/2018," $1,301.80 ",
11/15/2018," $1,306.70 ",
11/16/2018," $1,314.70 ",
11/19/2018," $1,317.00 ",
11/20/2018," $1,312.90 ",
11/21/2018," $1,319.70 ",
11/22/2018,#N/A,
11/23/2018," $1,314.90 ",
11/26/2018," $1,314.10 ",
11/27/2018," $1,305.10 ",
11/28/2018," $1,315.30 ",
11/29/2018," $1,315.80 ",
11/30/2018," $1,311.90 ",
12/3/2018," $1,325.60 ",
12/4/2018," $1,332.60 ",
12/5/2018," $1,328.60 ",
12/6/2018," $1,329.60 ",
12/7/2018," $1,338.60 ",
12/10/2018," $1,335.40 ",
12/11/2018," $1,333.20 ",
12/12/2018," $1,336.00 ",
12/13/2018," $1,333.40 ",
12/14/2018," $1,327.40 ",
12/17/2018," $1,337.80 ",
12/18/2018," $1,339.60 ",
12/19/2018," $1,342.40 ",
12/20/2018," $1,353.90 ",
12/21/2018," $1,344.10 ",
12/24/2018," $1,357.80 ",
12/25/2018,#N/A,
12/26/2018," $1,359.00 ",
12/27/2018," $1,367.10 ",
12/28/2018," $1,369.00 ",
12/31/2018," $1,367.30 ",
1/1/2019,#N/A,
1/2/2019," $1,370.10 ",
1/3/2019," $1,380.80 ",
1/4/2019," $1,371.80 ",
1/7/2019," $1,375.90 ",
1/8/2019," $1,371.90 ",
1/9/2019," $1,378.00 ",
1/10/2019," $1,373.40 ",
1/11/2019," $1,375.50 ",
1/14/2019," $1,377.30 ",
1/15/2019," $1,374.40 ",
1/16/2019," $1,379.80 ",
1/17/2019," $1,378.30 ",
1/18/2019," $1,368.60 ",
1/21/2019,#N/A,
1/22/2019," $1,369.40 ",
1/23/2019," $1,370.00 ",
1/24/2019," $1,365.80 ",
1/25/2019," $1,384.10 ",
1/28/2019," $1,389.10 ",
1/29/2019," $1,394.90 ",
1/30/2019," $1,395.90 ",
1/31/2019," $1,405.70 ",
2/1/2019," $1,402.90 ",
2/4/2019," $1,400.30 ",
2/5/2019," $1,400.20 ",
2/6/2019," $1,395.40 ",
2/7/2019," $1,395.20 ",
2/8/2019," $1,399.50 ",
2/11/2019," $1,392.90 ",
2/12/2019," $1,395.00 ",
2/13/2019," $1,396.10 ",
2/14/2019," $1,394.90 ",
2/15/2019," $1,403.10 ",
2/18/2019,#N/A,
2/19/2019," $1,425.80 ",
2/20/2019," $1,428.90 ",
2/21/2019," $1,408.80 ",
2/22/2019," $1,413.80 ",
2/25/2019," $1,410.50 ",
2/26/2019," $1,409.50 ",
2/27/2019," $1,402.20 ",
2/28/2019," $1,397.10 ",
3/1/2019," $1,380.20 ",
3/4/2019," $1,368.50 ",
3/5/2019," $1,365.70 ",
3/6/2019," $1,368.60 ",
3/7/2019," $1,367.10 ",
3/8/2019," $1,380.30 ",
3/11/2019," $1,372.10 ",
3/12/2019," $1,379.10 ",
3/13/2019," $1,390.30 ",
3/14/2019," $1,376.10 ",
3/15/2019," $1,383.90 ",
3/18/2019," $1,382.50 ",
3/19/2019," $1,387.50 ",
3/20/2019," $1,382.70 ",
3/21/2019," $1,388.30 ",
3/22/2019," $1,393.30 ",
3/25/2019," $1,403.60 ",
3/26/2019," $1,396.00 ",
3/27/2019," $1,391.40 ",
3/28/2019," $1,370.80 ",
3/29/2019," $1,374.00 ",
4/1/2019," $1,369.40 ",
4/2/2019," $1,370.60 ",
4/3/2019," $1,370.50 ",
4/4/2019," $1,369.50 ",
4/5/2019," $1,370.80 ",
4/8/2019," $1,377.10 ",
4/9/2019," $1,383.50 ",
4/10/2019," $1,389.10 ",
4/11/2019," $1,368.50 ",
4/12/2019," $1,370.40 ",
4/15/2019," $1,366.50 ",
4/16/2019," $1,352.40 ",
4/17/2019," $1,352.00 ",
4/18/2019," $1,351.20 ",
4/19/2019,#N/A,
4/22/2019," $1,352.80 ",
4/23/2019," $1,348.40 ",
4/24/2019," $1,354.60 ",
4/25/2019," $1,354.90 ",
4/26/2019," $1,364.00 ",
4/29/2019," $1,356.70 ",
4/30/2019," $1,360.90 ",
5/1/2019," $1,359.40 ",
5/2/2019," $1,347.20 ",
5/3/2019," $1,356.50 ",
5/6/2019," $1,359.00 ",
5/7/2019," $1,360.80 ",
5/8/2019," $1,356.60 ",
5/9/2019," $1,360.40 ",
5/10/2019," $1,362.60 ",
5/13/2019," $1,377.00 ",
5/14/2019," $1,371.50 ",
5/15/2019," $1,373.00 ",
5/16/2019," $1,361.40 ",
5/17/2019," $1,350.90 ",
5/20/2019," $1,352.50 ",
5/21/2019," $1,348.40 ",
5/22/2019," $1,349.40 ",
5/23/2019," $1,360.60 ",
5/24/2019," $1,358.80 ",
5/27/2019,#N/A,
5/28/2019," $1,352.30 ",
5/29/2019," $1,356.20 ",
5/30/2019," $1,362.30 ",
5/31/2019," $1,381.00 ",
6/3/2019," $1,397.90 ",
6/4/2019," $1,398.70 ",
6/5/2019," $1,403.60 ",
6/6/2019," $1,412.70 ",
6/7/2019," $1,416.10 ",
6/10/2019," $1,399.30 ",
6/11/2019," $1,401.20 ",
6/12/2019," $1,406.80 ",
6/13/2019," $1,413.70 ",
6/14/2019," $1,414.50 ",
6/17/2019," $1,412.90 ",
6/18/2019," $1,420.70 ",
6/19/2019," $1,418.80 ",
6/20/2019," $1,466.90 ",
6/21/2019," $1,470.10 ",
6/24/2019," $1,488.20 ",
6/25/2019," $1,488.70 ",
6/26/2019," $1,485.40 ",
6/27/2019," $1,482.00 ",
6/28/2019," $1,483.70 ",
7/1/2019," $1,459.30 ",
7/2/2019," $1,478.00 ",
7/3/2019," $1,490.90 ",
7/4/2019,#N/A,
7/5/2019," $1,470.10 ",
7/8/2019," $1,470.00 ",
7/9/2019," $1,470.50 ",
7/10/2019," $1,482.50 ",
7/11/2019," $1,476.70 ",
7/12/2019," $1,482.20 ",
7/15/2019," $1,483.50 ",
7/16/2019," $1,481.20 ",
7/17/2019," $1,493.30 ",
7/18/2019," $1,498.10 ",
7/19/2019," $1,496.70 ",
7/22/2019," $1,496.90 ",
7/23/2019," $1,491.70 ",
7/24/2019," $1,493.60 ",
7/25/2019," $1,484.70 ",
7/26/2019," $1,489.30 ",
7/29/2019," $1,490.40 ",
7/30/2019," $1,499.70 ",
7/31/2019," $1,496.10 ",
8/1/2019," $1,490.90 ",
8/2/2019," $1,515.60 ",
8/5/2019," $1,534.60 ",
8/6/2019," $1,542.30 ",
8/7/2019," $1,577.70 ",
8/8/2019," $1,567.60 ",
8/9/2019," $1,566.60 ",
8/12/2019," $1,575.30 ",
8/13/2019," $1,572.20 ",
8/14/2019," $1,585.90 ",
8/15/2019," $1,589.30 ",
8/16/2019," $1,581.70 ",
8/19/2019," $1,569.70 ",
8/20/2019," $1,573.80 ",
8/21/2019," $1,573.80 ",
8/22/2019," $1,566.60 ",
8/23/2019," $1,595.70 ",
8/26/2019," $1,595.30 ",
8/27/2019," $1,609.90 ",
8/28/2019," $1,607.20 ",
8/29/2019," $1,595.00 ",
8/30/2019," $1,587.50 ",
9/2/2019,#N/A,
9/3/2019," $1,614.00 ",
9/4/2019," $1,618.50 ",
9/5/2019," $1,583.60 ",
9/6/2019," $1,573.60 ",
9/9/2019," $1,569.20 ",
9/10/2019," $1,557.30 ",
9/11/2019," $1,561.30 ",
9/12/2019," $1,565.50 ",
9/13/2019," $1,557.60 ",
9/16/2019," $1,569.60 ",
9/17/2019," $1,571.50 ",
9/18/2019," $1,573.90 ",
9/19/2019," $1,564.30 ",
9/20/2019," $1,573.20 ",
9/23/2019," $1,589.60 ",
9/24/2019," $1,598.30 ",
9/25/2019," $1,570.40 ",
9/26/2019," $1,573.30 ",
9/27/2019," $1,564.50 ",
9/30/2019," $1,531.00 ",
10/1/2019," $1,547.10 ",
10/2/2019," $1,566.00 ",
10/3/2019," $1,571.90 ",
10/4/2019," $1,571.00 ",
10/7/2019," $1,562.50 ",
10/8/2019," $1,562.00 ",
10/9/2019," $1,570.90 ",
10/10/2019," $1,559.00 ",
10/11/2019," $1,546.80 ",
10/14/2019," $1,555.70 ",
10/15/2019," $1,541.60 ",
10/16/2019," $1,552.10 ",
10/17/2019," $1,556.40 ",
10/18/2019," $1,552.20 ",
10/21/2019," $1,546.20 ",
10/22/2019," $1,545.60 ",
10/23/2019," $1,553.80 ",
10/24/2019," $1,562.80 ",
10/25/2019," $1,563.40 ",
10/28/2019," $1,553.90 ",
10/29/2019," $1,548.80 ",
10/30/2019," $1,554.80 ",
10/31/2019," $1,572.90 ",
11/1/2019," $1,569.50 ",
11/4/2019," $1,569.20 ",
11/5/2019," $1,541.80 ",
11/6/2019," $1,551.20 ",
11/7/2019," $1,524.50 ",
11/8/2019," $1,521.00 ",
11/11/2019," $1,515.20 ",
11/12/2019," $1,511.80 ",
11/13/2019," $1,521.40 ",
11/14/2019," $1,531.50 ",
11/15/2019," $1,526.60 ",
11/18/2019," $1,530.00 ",
11/19/2019," $1,532.40 ",
11/20/2019," $1,532.30 ",
11/21/2019," $1,521.70 ",
11/22/2019," $1,521.70 ",
11/25/2019," $1,515.00 ",
11/26/2019," $1,518.40 ",
11/27/2019," $1,511.50 ",
11/28/2019,#N/A,
11/29/2019," $1,523.70 ",
12/2/2019," $1,520.40 ",
12/3/2019," $1,535.60 ",
12/4/2019," $1,531.40 ",
12/5/2019," $1,534.30 ",
12/6/2019," $1,516.30 ",
12/9/2019," $1,516.10 ",
12/10/2019," $1,519.30 ",
12/11/2019," $1,526.20 ",
12/12/2019," $1,523.50 ",
12/13/2019," $1,532.40 ",
12/16/2019," $1,531.70 ",
12/17/2019," $1,531.80 ",
12/18/2019," $1,529.90 ",
12/19/2019," $1,535.60 ",
12/20/2019," $1,532.10 ",
12/23/2019," $1,539.90 ",
12/24/2019," $1,556.00 ",
12/25/2019,#N/A,
12/26/2019," $1,565.60 ",
12/27/2019," $1,569.30 ",
12/30/2019," $1,569.80 ",
12/31/2019," $1,574.30 ",
1/1/2020,#N/A,
1/2/2020," $1,579.30 ",
1/3/2020," $1,603.60 ",
1/6/2020," $1,620.00 ",
1/7/2020," $1,625.50 ",
1/8/2020," $1,611.40 ",
1/9/2020," $1,605.50 ",
1/10/2020," $1,611.30 ",
1/13/2020," $1,601.80 ",
1/14/2020," $1,595.80 ",
1/15/2020," $1,605.20 ",
1/16/2020," $1,601.70 ",
1/17/2020," $1,611.50 ",
1/20/2020,#N/A,
1/21/2020," $1,609.10 ",
1/22/2020," $1,607.90 ",
1/23/2020," $1,616.60 ",
1/24/2020," $1,623.10 ",
1/27/2020," $1,628.60 ",
1/28/2020," $1,621.00 ",
1/29/2020," $1,621.60 ",
1/30/2020," $1,634.70 ",
1/31/2020," $1,634.10 ",
2/3/2020," $1,628.40 ",
2/4/2020," $1,601.50 ",
2/5/2020," $1,608.80 ",
2/6/2020," $1,616.00 ",
2/7/2020," $1,619.40 ",
2/10/2020," $1,625.50 ",
2/11/2020," $1,616.10 ",
2/12/2020," $1,617.60 ",
2/13/2020," $1,624.80 ",
2/14/2020," $1,632.40 ",
2/17/2020,#N/A,
2/18/2020," $1,649.60 ",
2/19/2020," $1,657.80 ",
2/20/2020," $1,666.50 ",
2/21/2020," $1,694.80 ",
2/24/2020," $1,722.60 ",
2/25/2020," $1,696.00 ",
2/26/2020," $1,689.10 ",
2/27/2020," $1,688.50 ",
2/28/2020," $1,612.70 ",
3/2/2020," $1,640.80 ",
3/3/2020," $1,690.40 ",
3/4/2020," $1,689.00 ",
3/5/2020," $1,714.00 ",
3/6/2020," $1,718.40 ",
3/9/2020," $1,721.70 ",
3/10/2020," $1,706.30 ",
3/11/2020," $1,688.30 ",
3/12/2020," $1,636.30 ",
3/13/2020," $1,562.70 ",
3/16/2020," $1,532.50 ",
3/17/2020," $1,571.80 ",
3/18/2020," $1,523.90 ",
3/19/2020," $1,525.30 ",
3/20/2020," $1,530.60 ",
3/23/2020," $1,613.60 ",
3/24/2020," $1,706.80 ",
3/25/2020," $1,679.40 ",
3/26/2020," $1,697.20 ",
3/27/2020," $1,671.00 ",
3/30/2020," $1,668.00 ",
3/31/2020," $1,629.40 ",
4/1/2020," $1,624.20 ",
4/2/2020," $1,670.50 ",
4/3/2020," $1,678.50 ",
4/6/2020," $1,726.70 ",
4/7/2020," $1,716.50 ",
4/8/2020," $1,717.10 ",
4/9/2020," $1,785.60 ",
4/10/2020,#N/A,
4/13/2020," $1,794.20 ",
4/14/2020," $1,801.70 ",
4/15/2020," $1,773.00 ",
4/16/2020," $1,764.50 ",
4/17/2020," $1,731.60 ",
4/20/2020," $1,744.00 ",
4/21/2020," $1,720.60 ",
4/22/2020," $1,771.10 ",
4/23/2020," $1,778.20 ",
4/24/2020," $1,768.40 ",
4/27/2020," $1,756.60 ",
4/28/2020," $1,755.00 ",
4/29/2020," $1,746.20 ",
4/30/2020," $1,727.00 ",
5/1/2020," $1,733.70 ",
5/4/2020," $1,746.10 ",
5/5/2020," $1,743.40 ",
5/6/2020," $1,721.30 ",
5/7/2020," $1,758.60 ",
5/8/2020," $1,746.70 ",
5/11/2020," $1,730.80 ",
5/12/2020," $1,739.60 ",
5/13/2020," $1,749.20 ",
5/14/2020," $1,773.70 ",
5/15/2020," $1,789.10 ",
5/18/2020," $1,767.20 ",
5/19/2020," $1,778.40 ",
5/20/2020," $1,784.90 ",
5/21/2020," $1,754.70 ",
5/22/2020," $1,768.30 ",
5/25/2020,#N/A,
5/26/2020," $1,738.40 ",
5/27/2020," $1,743.50 ",
5/28/2020," $1,746.10 ",
5/29/2020," $1,769.70 ",
6/1/2020," $1,770.60 ",
6/2/2020," $1,754.30 ",
6/3/2020," $1,725.10 ",
6/4/2020," $1,747.70 ",
6/5/2020," $1,703.30 ",
6/8/2020," $1,725.40 ",
6/9/2020," $1,742.20 ",
6/10/2020," $1,741.00 ",
6/11/2020," $1,760.10 ",
6/12/2020," $1,757.60 ",
6/15/2020," $1,747.50 ",
6/16/2020," $1,756.80 ",
6/17/2020," $1,755.90 ",
6/18/2020," $1,751.40 ",
6/19/2020," $1,773.30 ",
6/22/2020," $1,786.70 ",
6/23/2020," $1,802.30 ",
6/24/2020," $1,795.40 ",
6/25/2020," $1,790.90 ",
6/26/2020," $1,800.60 ",
6/29/2020," $1,801.50 ",
6/30/2020," $1,820.80 ",
7/1/2020," $1,800.20 ",
7/2/2020," $1,810.30 ",
7/3/2020,#N/A,
7/6/2020," $1,813.80 ",
7/7/2020," $1,830.20 ",
7/8/2020," $1,840.90 ",
7/9/2020," $1,824.10 ",
7/10/2020," $1,822.20 ",
7/13/2020," $1,834.40 ",
7/14/2020," $1,833.70 ",
7/15/2020," $1,834.10 ",
7/16/2020," $1,820.60 ",
7/17/2020," $1,830.30 ",
7/20/2020," $1,837.70 ",
7/21/2020," $1,864.20 ",
7/22/2020," $1,885.40 ",
7/23/2020," $1,910.30 ",
7/24/2020," $1,917.80 ",
7/27/2020," $1,951.30 ",
7/28/2020," $1,964.90 ",
7/29/2020," $1,973.70 ",
7/30/2020," $1,962.60 ",
7/31/2020," $1,983.10 ",
8/3/2020," $1,986.30 ",
8/4/2020," $2,021.00 ",
8/5/2020," $2,049.30 ",
8/6/2020," $2,069.40 ",
8/7/2020," $2,028.00 ",
8/10/2020," $2,039.70 ",
8/11/2020," $1,946.30 ",
8/12/2020," $1,949.00 ",
8/13/2020," $1,970.40 ",
8/14/2020," $1,949.80 ",
8/17/2020," $1,998.70 ",
8/18/2020," $2,013.10 ",
8/19/2020," $1,970.30 ",
8/20/2020," $1,946.50 ",
8/21/2020," $1,947.00 ",
8/24/2020," $1,939.20 ",
8/25/2020," $1,923.10 ",
8/26/2020," $1,952.50 ",
8/27/2020," $1,932.60 ",
8/28/2020," $1,974.90 ",
8/31/2020," $1,978.60 ",
9/1/2020," $1,978.90 ",
9/2/2020," $1,944.70 ",
9/3/2020," $1,937.80 ",
9/4/2020," $1,934.30 ",
9/7/2020,#N/A,
9/8/2020," $1,943.20 ",
9/9/2020," $1,954.90 ",
9/10/2020," $1,964.30 ",
9/11/2020," $1,947.90 ",
9/14/2020," $1,963.70 ",
9/15/2020," $1,966.20 ",
9/16/2020," $1,970.50 ",
9/17/2020," $1,949.90 ",
9/18/2020," $1,962.10 ",
9/21/2020," $1,910.60 ",
9/22/2020," $1,907.60 ",
9/23/2020," $1,868.40 ",
9/24/2020," $1,876.90 ",
9/25/2020," $1,866.30 ",
9/28/2020," $1,882.30 ",
9/29/2020," $1,903.20 ",
9/30/2020," $1,895.50 ",
10/1/2020," $1,916.30 ",
10/2/2020," $1,907.60 ",
10/5/2020," $1,920.10 ",
10/6/2020," $1,908.80 ",
10/7/2020," $1,890.80 ",
10/8/2020," $1,895.10 ",
10/9/2020," $1,926.20 ",
10/12/2020," $1,928.90 ",
10/13/2020," $1,894.60 ",
10/14/2020," $1,907.30 ",
10/15/2020," $1,908.90 ",
10/16/2020," $1,906.40 ",
10/19/2020," $1,911.70 ",
10/20/2020," $1,915.40 ",
10/21/2020," $1,929.50 ",
10/22/2020," $1,904.60 ",
10/23/2020," $1,905.20 ",
10/26/2020," $1,905.70 ",
10/27/2020," $1,911.90 ",
10/28/2020," $1,879.20 ",
10/29/2020," $1,868.00 ",
10/30/2020," $1,879.90 ",
11/2/2020," $1,892.50 ",
11/3/2020," $1,910.40 ",
11/4/2020," $1,896.20 ",
11/5/2020," $1,946.80 ",
11/6/2020," $1,951.70 ",
11/9/2020," $1,854.40 ",
11/10/2020," $1,876.40 ",
11/11/2020," $1,861.60 ",
11/12/2020," $1,873.30 ",
11/13/2020," $1,886.20 ",
11/16/2020," $1,887.80 ",
11/17/2020," $1,885.10 ",
11/18/2020," $1,873.90 ",
11/19/2020," $1,861.50 ",
11/20/2020," $1,872.40 ",
11/23/2020," $1,837.80 ",
11/24/2020," $1,804.60 ",
11/25/2020," $1,805.50 ",
11/26/2020,#N/A,
11/27/2020," $1,781.90 ",
11/30/2020," $1,775.70 ",
12/1/2020," $1,814.10 ",
12/2/2020," $1,830.20 ",
12/3/2020," $1,841.10 ",
12/4/2020," $1,840.00 ",
12/7/2020," $1,866.00 ",
12/8/2020," $1,874.90 ",
12/9/2020," $1,838.50 ",
12/10/2020," $1,837.40 ",
12/11/2020," $1,843.60 ",
12/14/2020," $1,832.10 ",
12/15/2020," $1,855.30 ",
12/16/2020," $1,859.10 ",
12/17/2020," $1,890.40 ",
12/18/2020," $1,888.90 ",
12/21/2020," $1,882.80 ",
12/22/2020," $1,870.30 ",
12/23/2020," $1,878.10 ",
12/24/2020," $1,883.20 ",
12/25/2020,#N/A,
12/28/2020," $1,880.40 ",
12/29/2020," $1,882.90 ",
12/30/2020," $1,893.40 ",
12/31/2020," $1,895.10 ",
1/1/2021,#N/A,
1/4/2021," $1,946.60 ",
1/5/2021," $1,954.40 ",
1/6/2021," $1,908.60 ",
1/7/2021," $1,913.60 ",
1/8/2021," $1,835.40 ",
1/11/2021," $1,850.80 ",
1/12/2021," $1,844.20 ",
1/13/2021," $1,854.90 ",
1/14/2021," $1,851.40 ",
1/15/2021," $1,829.90 ",
1/18/2021,#N/A,
1/19/2021," $1,840.20 ",
1/20/2021," $1,866.50 ",
1/21/2021," $1,865.90 ",
1/22/2021," $1,856.20 ",
1/25/2021," $1,855.20 ",
1/26/2021," $1,850.90 ",
1/27/2021," $1,844.90 ",
1/28/2021," $1,837.90 ",
1/29/2021," $1,847.30 ",
2/1/2021," $1,863.90 ",
2/2/2021," $1,833.40 ",
2/3/2021," $1,835.10 ",
2/4/2021," $1,791.20 ",
2/5/2021," $1,813.00 ",
2/8/2021," $1,834.20 ",
2/9/2021," $1,837.50 ",
2/10/2021," $1,842.70 ",
2/11/2021," $1,826.80 ",
2/12/2021," $1,823.20 ",
2/15/2021,#N/A,
2/16/2021," $1,799.00 ",
2/17/2021," $1,772.80 ",
2/18/2021," $1,775.00 ",
2/19/2021," $1,777.40 ",
2/22/2021," $1,808.40 ",
2/23/2021," $1,805.90 ",
2/24/2021," $1,797.90 ",
2/25/2021," $1,775.40 ",
2/26/2021," $1,728.80 ",
3/1/2021," $1,723.00 ",
3/2/2021," $1,733.60 ",
3/3/2021," $1,715.80 ",
3/4/2021," $1,700.70 ",
3/5/2021," $1,698.50 ",
3/8/2021," $1,678.00 ",
3/9/2021," $1,716.90 ",
3/10/2021," $1,721.80 ",
3/11/2021," $1,722.60 ",
3/12/2021," $1,719.80 ",
3/15/2021," $1,729.20 ",
3/16/2021," $1,730.90 ",
3/17/2021," $1,727.10 ",
3/18/2021," $1,732.50 ",
3/19/2021," $1,741.70 ",
3/22/2021," $1,738.10 ",
3/23/2021," $1,725.10 ",
3/24/2021," $1,733.20 ",
3/25/2021," $1,725.10 ",
3/26/2021," $1,732.30 ",
3/29/2021," $1,712.20 ",
3/30/2021," $1,683.90 ",
3/31/2021," $1,713.80 ",
4/1/2021," $1,728.40 ",
4/2/2021,#N/A,
4/5/2021," $1,728.80 ",
4/6/2021," $1,743.00 ",
4/7/2021," $1,741.60 ",
4/8/2021," $1,758.20 ",
4/9/2021," $1,744.80 ",
4/12/2021," $1,732.70 ",
4/13/2021," $1,747.60 ",
4/14/2021," $1,736.30 ",
4/15/2021," $1,766.80 ",
4/16/2021," $1,780.20 ",
4/19/2021," $1,770.60 ",
4/20/2021," $1,778.40 ",
4/21/2021," $1,793.10 ",
4/22/2021," $1,782.00 ",
4/23/2021," $1,777.80 ",
4/26/2021," $1,780.10 ",
4/27/2021," $1,778.80 ",
4/28/2021," $1,773.90 ",
4/29/2021," $1,768.30 ",
4/30/2021," $1,767.70 ",
5/3/2021," $1,791.80 ",
5/4/2021," $1,776.00 ",
5/5/2021," $1,784.30 ",
5/6/2021," $1,815.70 ",
5/7/2021," $1,831.30 ",
5/10/2021," $1,837.60 ",
5/11/2021," $1,836.10 ",
5/12/2021," $1,822.80 ",
5/13/2021," $1,824.00 ",
5/14/2021," $1,838.10 ",
5/17/2021," $1,867.60 ",
5/18/2021," $1,868.00 ",
5/19/2021," $1,881.50 ",
5/20/2021," $1,881.90 ",
5/21/2021," $1,876.70 ",
5/24/2021," $1,884.50 ",
5/25/2021," $1,898.00 ",
5/26/2021," $1,901.20 ",
5/27/2021," $1,895.70 ",
5/28/2021," $1,902.50 ",
5/31/2021,#N/A,
6/1/2021," $1,905.00 ",
6/2/2021," $1,909.90 ",
6/3/2021," $1,873.30 ",
6/4/2021," $1,892.00 ",
6/7/2021," $1,898.80 ",
6/8/2021," $1,894.40 ",
6/9/2021," $1,895.50 ",
6/10/2021," $1,896.40 ",
6/11/2021," $1,879.60 ",
6/14/2021," $1,865.90 ",
6/15/2021," $1,856.40 ",
6/16/2021," $1,861.40 ",
6/17/2021," $1,774.80 ",
6/18/2021," $1,769.00 ",
6/21/2021," $1,782.90 ",
6/22/2021," $1,777.40 ",
6/23/2021," $1,783.40 ",
6/24/2021," $1,776.70 ",
6/25/2021," $1,777.80 ",
6/28/2021," $1,780.70 ",
6/29/2021," $1,763.60 ",
6/30/2021," $1,771.60 ",
7/1/2021," $1,776.80 ",
7/2/2021," $1,783.30 ",
7/5/2021,#N/A,
7/6/2021," $1,794.20 ",
7/7/2021," $1,802.10 ",
7/8/2021," $1,800.20 ",
7/9/2021," $1,810.60 ",
7/12/2021," $1,805.90 ",
7/13/2021," $1,809.90 ",
7/14/2021," $1,825.00 ",
7/15/2021," $1,829.00 ",
7/16/2021," $1,815.00 ",
7/19/2021," $1,809.20 ",
7/20/2021," $1,811.40 ",
7/21/2021," $1,803.40 ",
7/22/2021," $1,805.40 ",
7/23/2021," $1,801.80 ",
7/26/2021," $1,799.20 ",
7/27/2021," $1,799.80 ",
7/28/2021," $1,799.70 ",
7/29/2021," $1,831.20 ",
7/30/2021," $1,812.60 ",
8/2/2021," $1,822.20 ",
8/3/2021," $1,814.10 ",
8/4/2021," $1,814.50 ",
8/5/2021," $1,808.90 ",
8/6/2021," $1,763.10 ",
8/9/2021," $1,726.50 ",
8/10/2021," $1,731.70 ",
8/11/2021," $1,753.30 ",
8/12/2021," $1,751.80 ",
8/13/2021," $1,778.20 ",
8/16/2021," $1,789.80 ",
8/17/2021," $1,787.80 ",
8/18/2021," $1,784.40 ",
8/19/2021," $1,783.10 ",
8/20/2021," $1,784.00 ",
8/23/2021," $1,806.30 ",
8/24/2021," $1,808.50 ",
8/25/2021," $1,791.00 ",
8/26/2021," $1,795.20 ",
8/27/2021," $1,819.50 ",
8/30/2021," $1,812.20 ",
8/31/2021," $1,818.10 ",
9/1/2021," $1,816.00 ",
9/2/2021," $1,811.50 ",
9/3/2021," $1,833.70 ",
9/6/2021,#N/A,
9/7/2021," $1,798.50 ",
9/8/2021," $1,793.50 ",
9/9/2021," $1,800.00 ",
9/10/2021," $1,792.10 ",
9/13/2021," $1,794.40 ",
9/14/2021," $1,807.10 ",
9/15/2021," $1,794.80 ",
9/16/2021," $1,756.70 ",
9/17/2021," $1,751.40 ",
9/20/2021," $1,763.80 ",
9/21/2021," $1,778.20 ",
9/22/2021," $1,778.80 ",
9/23/2021," $1,749.80 ",
9/24/2021," $1,751.70 ",
9/27/2021," $1,752.00 ",
9/28/2021," $1,737.50 ",
9/29/2021," $1,722.90 ",
9/30/2021," $1,757.00 ",
10/1/2021," $1,758.40 ",
10/4/2021," $1,767.60 ",
10/5/2021," $1,760.90 ",
10/6/2021," $1,761.80 ",
10/7/2021," $1,759.20 ",
10/8/2021," $1,757.40 ",
10/11/2021," $1,755.70 ",
10/12/2021," $1,759.30 ",
10/13/2021," $1,794.70 ",
10/14/2021," $1,797.90 ",
10/15/2021," $1,768.30 ",
10/18/2021," $1,765.70 ",
10/19/2021," $1,770.50 ",
10/20/2021," $1,784.90 ",
10/21/2021," $1,781.90 ",
10/22/2021," $1,796.30 ",
10/25/2021," $1,806.80 ",
10/26/2021," $1,793.40 ",
10/27/2021," $1,798.80 ",
10/28/2021," $1,802.60 ",
10/29/2021," $1,783.90 ",
11/1/2021," $1,795.80 ",
11/2/2021," $1,789.40 ",
11/3/2021," $1,763.90 ",
11/4/2021," $1,793.50 ",
11/5/2021," $1,816.80 ",
11/8/2021," $1,828.00 ",
11/9/2021," $1,830.80 ",
11/10/2021," $1,848.30 ",
11/11/2021," $1,863.90 ",
11/12/2021," $1,868.50 ",
11/15/2021," $1,866.60 ",
11/16/2021," $1,854.10 ",
11/17/2021," $1,870.20 ",
11/18/2021," $1,861.40 ",
11/19/2021," $1,851.60 ",
11/22/2021," $1,806.30 ",
11/23/2021," $1,783.80 ",
11/24/2021," $1,784.30 ",
11/25/2021,#N/A,
11/26/2021," $1,785.50 ",
11/29/2021," $1,782.30 ",
11/30/2021," $1,773.60 ",
12/1/2021," $1,781.60 ",
12/2/2021," $1,762.70 ",
12/3/2021," $1,783.90 ",
12/6/2021," $1,779.50 ",
12/7/2021," $1,784.70 ",
12/8/2021," $1,785.50 ",
12/9/2021," $1,776.70 ",
12/10/2021," $1,784.80 ",
12/13/2021," $1,788.30 ",
12/14/2021," $1,772.30 ",
12/15/2021," $1,764.50 ",
12/16/2021," $1,798.20 ",
12/17/2021," $1,804.90 ",
12/20/2021," $1,794.60 ",
12/21/2021," $1,788.70 ",
12/22/2021," $1,802.20 ",
12/23/2021," $1,811.70 ",
12/24/2021,#N/A,
12/27/2021," $1,808.80 ",
12/28/2021," $1,810.90 ",
12/29/2021," $1,805.80 ",
12/30/2021," $1,814.10 ",
12/31/2021," $1,828.60 ",
1/3/2022," $1,800.10 ",
1/4/2022," $1,814.60 ",
1/5/2022," $1,825.10 ",
1/6/2022," $1,789.20 ",
1/7/2022," $1,797.40 ",
1/10/2022," $1,798.80 ",
1/11/2022," $1,818.50 ",
1/12/2022," $1,827.30 ",
1/13/2022," $1,821.40 ",
1/14/2022," $1,816.50 ",
1/17/2022,#N/A,
1/18/2022," $1,812.40 ",
1/19/2022," $1,843.20 ",
1/20/2022," $1,842.60 ",
1/21/2022," $1,831.80 ",
1/24/2022," $1,841.70 ",
1/25/2022," $1,852.50 ",
1/26/2022," $1,829.70 ",
1/27/2022," $1,793.10 ",
1/28/2022," $1,784.90 ",
1/31/2022," $1,796.40 ",
2/1/2022," $1,801.50 ",
2/2/2022," $1,810.30 ",
2/3/2022," $1,804.10 ",
2/4/2022," $1,807.80 ",
2/7/2022," $1,821.80 ",
2/8/2022," $1,827.90 ",
2/9/2022," $1,836.60 ",
2/10/2022," $1,837.40 ",
2/11/2022," $1,842.10 ",
2/14/2022," $1,869.40 ",
2/15/2022," $1,856.20 ",
2/16/2022," $1,871.50 ",
2/17/2022," $1,902.00 ",
2/18/2022," $1,899.80 ",
2/21/2022,#N/A,
2/22/2022," $1,907.40 ",
2/23/2022," $1,910.40 ",
2/24/2022," $1,926.30 ",
2/25/2022," $1,887.60 ",
2/28/2022," $1,900.70 ",
3/1/2022," $1,943.80 ",
3/2/2022," $1,922.30 ",
3/3/2022," $1,935.90 ",
3/4/2022," $1,966.60 ",
3/7/2022," $1,995.90 ",
3/8/2022," $2,043.30 ",
3/9/2022," $1,988.20 ",
3/10/2022," $2,000.40 ",
3/11/2022," $1,985.00 ",
3/14/2022," $1,960.80 ",
3/15/2022," $1,929.70 ",
3/16/2022," $1,909.20 ",
3/17/2022," $1,943.20 ",
3/18/2022," $1,929.30 ",
3/21/2022," $1,929.50 ",
3/22/2022," $1,921.50 ",
3/23/2022," $1,937.30 ",
3/24/2022," $1,962.20 ",
3/25/2022," $1,954.20 ",
3/28/2022," $1,939.80 ",
3/29/2022," $1,912.20 ",
3/30/2022," $1,933.50 ",
3/31/2022," $1,949.20 ",
4/1/2022," $1,923.70 ",
4/4/2022," $1,934.00 ",
4/5/2022," $1,927.50 ",
4/6/2022," $1,923.10 ",
4/7/2022," $1,937.80 ",
4/8/2022," $1,945.60 ",
4/11/2022," $1,948.20 ",
4/12/2022," $1,976.10 ",
4/13/2022," $1,984.70 ",
4/14/2022," $1,974.90 ",
4/15/2022,#N/A,
4/18/2022," $1,986.40 ",
4/19/2022," $1,959.00 ",
4/20/2022," $1,955.60 ",
4/21/2022," $1,948.20 ",
4/22/2022," $1,934.30 ",
4/25/2022," $1,896.00 ",
4/26/2022," $1,904.10 ",
4/27/2022," $1,888.70 ",
4/28/2022," $1,891.30 ",
4/29/2022," $1,911.70 ",
5/2/2022," $1,863.60 ",
5/3/2022," $1,870.60 ",
5/4/2022," $1,868.80 ",
5/5/2022," $1,875.70 ",
5/6/2022," $1,882.80 ",
5/9/2022," $1,858.60 ",
5/10/2022," $1,841.00 ",
5/11/2022," $1,853.70 ",
5/12/2022," $1,824.60 ",
5/13/2022," $1,808.20 ",
5/16/2022," $1,814.00 ",
5/17/2022," $1,818.90 ",
5/18/2022," $1,815.90 ",
5/19/2022," $1,841.20 ",
5/20/2022," $1,842.10 ",
5/23/2022," $1,847.80 ",
5/24/2022," $1,865.40 ",
5/25/2022," $1,846.30 ",
5/26/2022," $1,847.60 ",
5/27/2022," $1,851.30 ",
5/30/2022,#N/A,
5/31/2022," $1,842.70 ",
6/1/2022," $1,848.70 ",
6/2/2022," $1,871.40 ",
6/3/2022," $1,850.20 ",
6/6/2022," $1,843.70 ",
6/7/2022," $1,852.10 ",
6/8/2022," $1,856.50 ",
6/9/2022," $1,852.80 ",
6/10/2022," $1,875.50 ",
6/13/2022," $1,831.80 ",
6/14/2022," $1,813.50 ",
6/15/2022," $1,819.60 ",
6/16/2022," $1,849.90 ",
6/17/2022," $1,840.60 ",
6/20/2022,#N/A,
6/21/2022," $1,838.80 ",
6/22/2022," $1,838.40 ",
6/23/2022," $1,829.80 ",
6/24/2022," $1,830.30 ",
6/27/2022," $1,824.80 ",
6/28/2022," $1,821.20 ",
6/29/2022," $1,817.50 ",
6/30/2022," $1,807.30 ",
7/1/2022," $1,801.50 ",
7/4/2022,#N/A,
7/5/2022," $1,763.90 ",
7/6/2022," $1,736.50 ",
7/7/2022," $1,739.70 ",
7/8/2022," $1,742.30 ",
7/11/2022," $1,731.70 ",
7/12/2022," $1,724.80 ",
7/13/2022," $1,735.50 ",
7/14/2022," $1,705.80 ",
7/15/2022," $1,703.60 ",
7/18/2022," $1,710.20 ",
7/19/2022," $1,710.70 ",
7/20/2022," $1,700.20 ",
7/21/2022," $1,713.40 ",
7/22/2022," $1,727.40 ",
7/25/2022," $1,719.10 ",
7/26/2022," $1,717.70 ",
7/27/2022," $1,719.10 ",
7/28/2022," $1,750.30 ",
7/29/2022," $1,762.90 ",
8/1/2022," $1,787.70 ",
8/2/2022," $1,789.70 ",
8/3/2022," $1,776.40 ",
8/4/2022," $1,806.90 ",
8/5/2022," $1,791.20 ",
8/8/2022," $1,805.20 ",
8/9/2022," $1,812.30 ",
8/10/2022," $1,813.70 ",
8/11/2022," $1,807.20 ",
8/12/2022," $1,815.50 ",
8/15/2022," $1,798.10 ",
8/16/2022," $1,789.70 ",
8/17/2022," $1,776.70 ",
8/18/2022," $1,771.20 ",
8/19/2022," $1,762.90 ",
8/22/2022," $1,748.40 ",
8/23/2022," $1,761.20 ",
8/24/2022," $1,761.50 ",
8/25/2022," $1,771.40 ",
8/26/2022," $1,749.80 ",
8/29/2022," $1,749.70 ",
8/30/2022," $1,736.30 ",
8/31/2022," $1,726.20 ",
9/1/2022," $1,709.30 ",
9/2/2022," $1,722.60 ",
9/5/2022,#N/A,
9/6/2022," $1,712.90 ",
9/7/2022," $1,727.80 ",
9/8/2022," $1,720.20 ",
9/9/2022," $1,728.60 ",
9/12/2022," $1,740.60 ",
9/13/2022," $1,717.40 ",
9/14/2022," $1,709.10 ",
9/15/2022," $1,677.30 ",
9/16/2022," $1,683.50 ",
9/19/2022," $1,678.20 ",
9/20/2022," $1,671.10 ",
9/21/2022," $1,675.70 ",
9/22/2022," $1,681.10 ",
9/23/2022," $1,655.60 ",
9/26/2022," $1,633.40 ",
9/27/2022," $1,636.20 ",
9/28/2022," $1,670.00 ",
9/29/2022," $1,668.60 ",
9/30/2022," $1,672.00 ",
10/3/2022," $1,702.00 ",
10/4/2022," $1,730.50 ",
10/5/2022," $1,720.80 ",
10/6/2022," $1,720.80 ",
10/7/2022," $1,709.30 ",
10/10/2022," $1,675.20 ",
10/11/2022," $1,686.00 ",
10/12/2022," $1,677.50 ",
10/13/2022," $1,677.00 ",
10/14/2022," $1,648.90 ",
10/17/2022," $1,664.00 ",
10/18/2022," $1,655.80 ",
10/19/2022," $1,634.20 ",
10/20/2022," $1,636.80 ",
10/21/2022," $1,656.30 ",
10/24/2022," $1,654.10 ",
10/25/2022," $1,658.00 ",
10/26/2022," $1,669.20 ",
10/27/2022," $1,665.60 ",
10/28/2022," $1,644.80 ",
10/31/2022," $1,640.70 ",
11/1/2022," $1,649.70 ",
11/2/2022," $1,650.00 ",
11/3/2022," $1,630.90 ",
11/4/2022," $1,676.60 ",
11/7/2022," $1,680.50 ",
11/8/2022," $1,716.00 ",
11/9/2022," $1,713.70 ",
11/10/2022," $1,753.70 ",
11/11/2022," $1,769.40 ",
11/14/2022," $1,776.90 ",
11/15/2022," $1,776.80 ",
11/16/2022," $1,775.80 ",
11/17/2022," $1,763.00 ",
11/18/2022," $1,754.40 ",
11/21/2022," $1,739.60 ",
11/22/2022," $1,739.90 ",
11/23/2022," $1,745.60 ",
11/24/2022,#N/A,
11/25/2022," $1,754.00 ",
11/28/2022," $1,740.30 ",
11/29/2022," $1,748.40 ",
11/30/2022," $1,746.00 ",
12/1/2022," $1,801.10 ",
12/2/2022," $1,809.60 ",
12/5/2022," $1,781.30 ",
12/6/2022," $1,782.40 ",
12/7/2022," $1,798.00 ",
12/8/2022," $1,801.50 ",
12/9/2022," $1,810.70 ",
12/12/2022," $1,792.30 ",
12/13/2022," $1,825.50 ",
12/14/2022," $1,818.70 ",
12/15/2022," $1,787.80 ",
12/16/2022," $1,800.20 ",
12/19/2022," $1,797.70 ",
12/20/2022," $1,825.40 ",
12/21/2022," $1,825.40 ",
12/22/2022," $1,795.30 ",
12/23/2022," $1,804.20 ",
12/26/2022,#N/A,
12/27/2022," $1,823.10 ",
12/28/2022," $1,815.80 ",
12/29/2022," $1,826.00 ",
12/30/2022," $1,826.20 ",
1/2/2023,#N/A,
1/3/2023," $1,846.10 ",
1/4/2023," $1,859.00 ",
1/5/2023," $1,840.60 ",
1/6/2023," $1,869.70 ",
1/9/2023," $1,877.80 ",
1/10/2023," $1,876.50 ",
1/11/2023," $1,878.90 ",
1/12/2023," $1,898.80 ",
1/13/2023," $1,921.70 ",
1/16/2023,#N/A,
1/17/2023," $1,909.90 ",
1/18/2023," $1,907.00 ",
1/19/2023," $1,923.90 ",
1/20/2023," $1,928.20 ",
1/23/2023," $1,928.60 ",
1/24/2023," $1,935.40 ",
1/25/2023," $1,942.60 ",
1/26/2023," $1,930.00 ",
1/27/2023," $1,929.40 ",
1/30/2023," $1,922.90 ",
1/31/2023," $1,929.50 ",
2/1/2023," $1,927.80 ",
2/2/2023," $1,916.30 ",
2/3/2023," $1,862.90 ",
2/6/2023," $1,866.20 ",
2/7/2023," $1,871.70 ",
2/8/2023," $1,877.40 ",
2/9/2023," $1,866.20 ",
2/10/2023," $1,862.80 ",
2/13/2023," $1,851.90 ",
2/14/2023," $1,854.00 ",
2/15/2023," $1,834.20 ",
2/16/2023," $1,842.00 ",
2/17/2023," $1,840.40 ",
2/20/2023,#N/A,
2/21/2023," $1,833.00 ",
2/22/2023," $1,832.00 ",
2/23/2023," $1,818.00 ",
2/24/2023," $1,808.80 ",
2/27/2023,#N/A,
3/3/2023," $1,854.60 ",
3/6/2023," $1,854.60 ",
3/7/2023," $1,820.00 ",
3/8/2023," $1,818.60 ",
3/9/2023," $1,834.60 ",
3/10/2023," $1,867.20 ",
3/13/2023," $1,916.50 ",
3/14/2023," $1,910.90 ",
3/15/2023," $1,931.30 ",
3/16/2023," $1,923.00 ",
3/17/2023," $1,973.50 ",
3/20/2023," $1,982.80 ",
3/21/2023," $1,941.10 ",
3/22/2023," $1,949.60 ",
3/23/2023," $1,995.90 ",
3/24/2023," $1,983.80 ",
3/27/2023," $1,953.80 ",
3/28/2023," $1,973.50 ",
3/29/2023," $1,966.90 ",
3/30/2023," $1,980.30 ",
