Gold,Unnamed: 1,Unnamed: 2
7/18/2011,$1772.60,
7/19/2011,$1771.30,
7/20/2011,$1767.10,
7/21/2011,$1757.20,
7/22/2011,$1771.70,
7/25/2011,$1782.40,
7/26/2011,$1787.00,
7/27/2011,$1785.30,
7/28/2011,$1783.60,
7/29/2011,$1798.50,
8/1/2011,$1789.20,
8/2/2011,$1812.00,
8/3/2011,$1833.80,
8/4/2011,$1826.50,
8/5/2011,$1819.30,
8/8/2011,$1880.70,
8/9/2011,$1910.50,
8/10/2011,$1951.80,
8/11/2011,$1919.00,
8/12/2011,$1910.10,
8/15/2011,$1925.50,
8/16/2011,$1952.50,
8/17/2011,$1961.30,
8/18/2011,$1989.50,
8/19/2011,$2019.70,
8/22/2011,$2059.40,
8/23/2011,$2028.80,
8/24/2011,$1924.80,
8/25/2011,$1930.70,
8/26/2011,$1964.80,
8/29/2011,$1959.10,
8/30/2011,$1997.30,
8/31/2011,$1999.20,
9/1/2011,$1996.60,
9/2/2011,$2044.40,
9/5/2011,$2044.40,
9/6/2011,$2040.80,
9/7/2011,$1985.10,
9/8/2011,$2025.00,
9/9/2011,$2027.00,
9/12/2011,$1980.80,
9/13/2011,$1997.60,
9/14/2011,$1994.00,
9/15/2011,$1948.90,
9/16/2011,$1982.20,
9/19/2011,$1946.40,
9/20/2011,$1976.60,
9/21/2011,$1975.60,
9/22/2011,$1909.20,
9/23/2011,$1807.30,
9/26/2011,$1762.30,
9/27/2011,$1820.00,
9/28/2011,$1785.60,
9/29/2011,$1784.80,
9/30/2011,$1789.80,
10/3/2011,$1825.20,
10/4/2011,$1783.50,
10/5/2011,$1809.10,
10/6/2011,$1820.70,
10/7/2011,$1803.30,
10/10/2011,$1838.30,
10/11/2011,$1828.50,
10/12/2011,$1850.10,
10/13/2011,$1836.00,
10/14/2011,$1850.50,
10/17/2011,$1844.10,
10/18/2011,$1820.30,
10/19/2011,$1814.50,
10/20/2011,$1780.40,
10/21/2011,$1803.60,
10/24/2011,$1819.80,
10/25/2011,$1867.90,
10/26/2011,$1891.00,
10/27/2011,$1915.20,
10/28/2011,$1914.70,
10/31/2011,$1892.70,
11/1/2011,$1879.30,
11/2/2011,$1897.10,
11/3/2011,$1932.60,
11/4/2011,$1923.60,
11/7/2011,$1958.60,
11/8/2011,$1966.70,
11/9/2011,$1959.10,
11/10/2011,$1927.10,
11/11/2011,$1955.60,
11/14/2011,$1945.90,
11/15/2011,$1949.70,
11/16/2011,$1941.80,
11/17/2011,$1887.70,
11/18/2011,$1892.60,
11/21/2011,$1846.10,
11/22/2011,$1869.90,
11/23/2011,$1863.40,
11/24/2011,$1863.40,
11/25/2011,$1853.20,
11/28/2011,$1878.30,
11/29/2011,$1880.90,
11/30/2011,$1913.00,
12/1/2011,$1902.80,
12/2/2011,$1914.50,
12/5/2011,$1897.70,
12/6/2011,$1895.00,
12/7/2011,$1908.00,
12/8/2011,$1876.60,
12/9/2011,$1880.00,
12/12/2011,$1831.40,
12/13/2011,$1826.30,
12/14/2011,$1750.10,
12/15/2011,$1740.40,
12/16/2011,$1761.10,
12/19/2011,$1759.90,
12/20/2011,$1780.80,
12/21/2011,$1776.80,
12/22/2011,$1773.80,
12/23/2011,$1769.20,
12/26/2011,$1769.20,
12/27/2011,$1758.70,
12/28/2011,$1727.30,
12/29/2011,$1704.10,
12/30/2011,$1730.00,
1/2/2012,$1730.00,
1/3/2012,$1763.70,
1/4/2012,$1775.90,
1/5/2012,$1783.30,
1/6/2012,$1780.00,
1/9/2012,$1771.30,
1/10/2012,$1794.70,
1/11/2012,$1802.80,
1/12/2012,$1810.90,
1/13/2012,$1794.00,
1/16/2012,$1794.00,
1/17/2012,$1818.80,
1/18/2012,$1823.10,
1/19/2012,$1817.70,
1/20/2012,$1827.20,
1/23/2012,$1841.50,
1/24/2012,$1827.70,
1/25/2012,$1863.30,
1/26/2012,$1889.90,
1/27/2012,$1895.40,
1/30/2012,$1894.20,
1/31/2012,$1901.00,
2/1/2012,$1910.30,
2/2/2012,$1920.00,
2/3/2012,$1901.00,
2/6/2012,$1885.60,
2/7/2012,$1909.10,
2/8/2012,$1892.00,
2/9/2012,$1901.90,
2/10/2012,$1886.00,
2/13/2012,$1885.60,
2/14/2012,$1878.40,
2/15/2012,$1888.80,
2/16/2012,$1889.10,
2/17/2012,$1886.60,
2/20/2012,$1886.60,
2/21/2012,$1919.20,
2/22/2012,$1932.00,
2/23/2012,$1947.00,
2/24/2012,$1937.10,
2/27/2012,$1935.60,
2/28/2012,$1949.10,
2/29/2012,$1872.00,
3/1/2012,$1882.90,
3/2/2012,$1870.50,
3/5/2012,$1864.60,
3/6/2012,$1832.80,
3/7/2012,$1844.60,
3/8/2012,$1859.40,
3/9/2012,$1872.20,
3/12/2012,$1860.50,
3/13/2012,$1854.90,
3/14/2012,$1803.60,
3/15/2012,$1820.20,
3/16/2012,$1816.50,
3/19/2012,$1828.00,
3/20/2012,$1807.70,
3/21/2012,$1811.00,
3/22/2012,$1803.20,
3/23/2012,$1823.10,
3/26/2012,$1846.30,
3/27/2012,$1845.60,
3/28/2012,$1818.60,
3/29/2012,$1812.90,
3/30/2012,$1830.00,
4/2/2012,$1838.20,
4/3/2012,$1830.50,
4/4/2012,$1772.60,
4/5/2012,$1788.60,
4/6/2012,$1788.60,
4/9/2012,$1802.40,
4/10/2012,$1819.20,
4/11/2012,$1818.80,
4/12/2012,$1839.10,
4/13/2012,$1818.70,
4/16/2012,$1808.20,
4/17/2012,$1809.60,
4/18/2012,$1798.10,
4/19/2012,$1799.90,
4/20/2012,$1801.30,
4/23/2012,$1791.10,
4/24/2012,$1802.30,
4/25/2012,$1800.80,
4/26/2012,$1819.00,
4/27/2012,$1823.30,
4/30/2012,$1822.70,
5/1/2012,$1820.90,
5/2/2012,$1812.50,
5/3/2012,$1793.30,
5/4/2012,$1803.70,
5/7/2012,$1797.60,
5/8/2012,$1763.00,
5/9/2012,$1752.70,
5/10/2012,$1754.00,
5/11/2012,$1742.50,
5/14/2012,$1719.50,
5/15/2012,$1715.60,
5/16/2012,$1695.10,
5/17/2012,$1733.40,
5/18/2012,$1750.40,
5/21/2012,$1747.20,
5/22/2012,$1735.10,
5/23/2012,$1706.90,
5/24/2012,$1716.00,
5/25/2012,$1727.40,
5/28/2012,$1727.40,
5/29/2012,$1707.20,
5/30/2012,$1721.90,
5/31/2012,$1721.10,
6/1/2012,$1779.00,
6/4/2012,$1770.70,
6/5/2012,$1773.70,
6/6/2012,$1791.00,
6/7/2012,$1744.80,
6/8/2012,$1748.20,
6/11/2012,$1753.60,
6/12/2012,$1770.60,
6/13/2012,$1776.20,
6/14/2012,$1776.40,
6/15/2012,$1784.90,
6/18/2012,$1783.80,
6/19/2012,$1780.00,
6/20/2012,$1772.60,
6/21/2012,$1722.30,
6/22/2012,$1723.70,
6/25/2012,$1745.20,
6/26/2012,$1731.70,
6/27/2012,$1735.20,
6/28/2012,$1707.20,
6/29/2012,$1761.00,
7/2/2012,$1754.50,
7/3/2012,$1778.60,
7/4/2012,$1778.60,
7/5/2012,$1766.20,
7/6/2012,$1735.70,
7/9/2012,$1745.90,
7/10/2012,$1736.60,
7/11/2012,$1732.50,
7/12/2012,$1722.10,
7/13/2012,$1748.80,
7/16/2012,$1748.40,
7/17/2012,$1746.30,
7/18/2012,$1727.60,
7/19/2012,$1737.20,
7/20/2012,$1739.60,
7/23/2012,$1734.20,
7/24/2012,$1733.00,
7/25/2012,$1764.90,
7/26/2012,$1771.90,
7/27/2012,$1774.80,
7/30/2012,$1776.50,
7/31/2012,$1767.30,
8/1/2012,$1760.50,
8/2/2012,$1744.20,
8/3/2012,$1762.80,
8/6/2012,$1769.70,
8/7/2012,$1766.30,
8/8/2012,$1769.50,
8/9/2012,$1773.70,
8/10/2012,$1776.30,
8/13/2012,$1766.10,
8/14/2012,$1755.90,
8/15/2012,$1760.10,
8/16/2012,$1772.70,
8/17/2012,$1772.90,
8/20/2012,$1776.50,
8/21/2012,$1796.40,
8/22/2012,$1794.00,
8/23/2012,$1826.30,
8/24/2012,$1826.40,
8/27/2012,$1829.10,
8/28/2012,$1823.20,
8/29/2012,$1816.50,
8/30/2012,$1810.60,
8/31/2012,$1841.10,
9/3/2012,$1841.10,
9/4/2012,$1849.50,
9/5/2012,$1847.50,
9/6/2012,$1859.10,
9/7/2012,$1894.00,
9/10/2012,$1885.30,
9/11/2012,$1888.40,
9/12/2012,$1887.20,
9/13/2012,$1925.60,
9/14/2012,$1926.20,
9/17/2012,$1924.10,
9/18/2012,$1924.70,
9/19/2012,$1925.20,
9/20/2012,$1923.70,
9/21/2012,$1931.50,
9/24/2012,$1918.10,
9/25/2012,$1919.90,
9/26/2012,$1907.10,
9/27/2012,$1934.00,
9/28/2012,$1927.40,
10/1/2012,$1936.80,
10/2/2012,$1929.10,
10/3/2012,$1933.30,
10/4/2012,$1950.00,
10/5/2012,$1934.30,
10/8/2012,$1929.20,
10/9/2012,$1918.50,
10/10/2012,$1918.60,
10/11/2012,$1924.10,
10/12/2012,$1913.20,
10/15/2012,$1891.10,
10/16/2012,$1899.80,
10/17/2012,$1906.50,
10/18/2012,$1898.20,
10/19/2012,$1877.50,
10/22/2012,$1879.80,
10/23/2012,$1862.90,
10/24/2012,$1855.10,
10/25/2012,$1866.50,
10/26/2012,$1865.40,
10/29/2012,$1862.20,
10/30/2012,$1865.60,
10/31/2012,$1872.60,
11/1/2012,$1869.00,
11/2/2012,$1828.70,
11/5/2012,$1836.70,
11/6/2012,$1868.50,
11/7/2012,$1867.50,
11/8/2012,$1879.50,
11/9/2012,$1884.40,
11/12/2012,$1884.40,
11/13/2012,$1878.30,
11/14/2012,$1883.60,
11/15/2012,$1867.30,
11/16/2012,$1868.20,
11/19/2012,$1887.90,
11/20/2012,$1877.10,
11/21/2012,$1881.70,
11/22/2012,$1881.70,
11/23/2012,$1904.90,
11/26/2012,$1903.10,
11/27/2012,$1895.80,
11/28/2012,$1870.00,
11/29/2012,$1880.70,
11/30/2012,$1864.40,
12/3/2012,$1873.10,
12/4/2012,$1847.80,
12/5/2012,$1845.80,
12/6/2012,$1853.80,
12/7/2012,$1857.50,
12/10/2012,$1866.40,
12/11/2012,$1861.60,
12/12/2012,$1869.90,
12/13/2012,$1848.80,
12/14/2012,$1849.00,
12/17/2012,$1850.20,
12/18/2012,$1822.70,
12/19/2012,$1819.70,
12/20/2012,$1797.90,
12/21/2012,$1812.10,
12/24/2012,$1811.50,
12/25/2012,$1811.50,
12/26/2012,$1812.70,
12/27/2012,$1815.70,
12/28/2012,$1807.90,
12/31/2012,$1827.80,
1/1/2013,$1827.80,
1/2/2013,$1840.80,
1/3/2013,$1826.60,
1/4/2013,$1800.90,
1/7/2013,$1798.30,
1/8/2013,$1814.20,
1/9/2013,$1807.50,
1/10/2013,$1830.00,
1/11/2013,$1812.60,
1/14/2013,$1821.40,
1/15/2013,$1835.90,
1/16/2013,$1835.20,
1/17/2013,$1842.80,
1/18/2013,$1839.00,
1/21/2013,$1839.00,
1/22/2013,$1845.20,
1/23/2013,$1838.70,
1/24/2013,$1821.90,
1/25/2013,$1808.60,
1/28/2013,$1804.90,
1/29/2013,$1812.80,
1/30/2013,$1831.90,
1/31/2013,$1812.60,
2/1/2013,$1821.40,
2/4/2013,$1827.30,
2/5/2013,$1824.40,
2/6/2013,$1829.70,
2/7/2013,$1822.20,
2/8/2013,$1817.80,
2/11/2013,$1800.00,
2/12/2013,$1800.50,
2/13/2013,$1796.00,
2/14/2013,$1786.40,
2/15/2013,$1760.40,
2/18/2013,$1760.40,
2/19/2013,$1755.10,
2/20/2013,$1728.90,
2/21/2013,$1729.50,
2/22/2013,$1723.70,
2/25/2013,$1737.50,
2/26/2013,$1766.40,
2/27/2013,$1746.60,
2/28/2013,$1729.00,
3/1/2013,$1723.20,
3/4/2013,$1723.30,
3/5/2013,$1725.80,
3/6/2013,$1725.80,
3/7/2013,$1726.00,
3/8/2013,$1727.80,
3/11/2013,$1728.90,
3/12/2013,$1742.60,
3/13/2013,$1739.30,
3/14/2013,$1741.60,
3/15/2013,$1743.50,
3/18/2013,$1755.50,
3/19/2013,$1762.20,
3/20/2013,$1758.40,
3/21/2013,$1764.70,
3/22/2013,$1757.00,
3/25/2013,$1755.40,
3/26/2013,$1746.60,
3/27/2013,$1757.10,
3/28/2013,$1745.70,
3/29/2013,$1745.70,
4/1/2013,$1750.90,
4/2/2013,$1725.90,
4/3/2013,$1703.50,
4/4/2013,$1702.40,
4/5/2013,$1725.90,
4/8/2013,$1722.50,
4/9/2013,$1736.70,
4/10/2013,$1708.80,
4/11/2013,$1714.90,
4/12/2013,$1651.40,
4/15/2013,$1511.10,
4/16/2013,$1537.40,
4/17/2013,$1532.70,
4/18/2013,$1542.50,
4/19/2013,$1545.60,
4/22/2013,$1571.20,
4/23/2013,$1558.80,
4/24/2013,$1573.70,
4/25/2013,$1612.00,
4/26/2013,$1603.60,
4/29/2013,$1617.40,
4/30/2013,$1622.10,
5/1/2013,$1596.20,
5/2/2013,$1617.60,
5/3/2013,$1614.20,
5/6/2013,$1618.00,
5/7/2013,$1598.80,
5/8/2013,$1623.70,
5/9/2013,$1618.60,
5/10/2013,$1586.60,
5/13/2013,$1584.30,
5/14/2013,$1574.50,
5/15/2013,$1546.20,
5/16/2013,$1536.90,
5/17/2013,$1514.70,
5/20/2013,$1534.10,
5/21/2013,$1527.60,
5/22/2013,$1517.40,
5/23/2013,$1541.80,
5/24/2013,$1536.60,
5/27/2013,$1536.60,
5/28/2013,$1528.90,
5/29/2013,$1541.30,
5/30/2013,$1561.50,
5/31/2013,$1542.60,
6/3/2013,$1561.70,
6/4/2013,$1547.00,
6/5/2013,$1548.30,
6/6/2013,$1565.60,
6/7/2013,$1532.80,
6/10/2013,$1535.80,
6/11/2013,$1526.80,
6/12/2013,$1541.80,
6/13/2013,$1527.60,
6/14/2013,$1537.40,
6/17/2013,$1532.90,
6/18/2013,$1516.70,
6/19/2013,$1523.80,
6/20/2013,$1436.00,
6/21/2013,$1441.80,
6/24/2013,$1426.90,
6/25/2013,$1424.90,
6/26/2013,$1379.60,
6/27/2013,$1361.40,
6/28/2013,$1373.50,
7/1/2013,$1405.50,
7/2/2013,$1393.20,
7/3/2013,$1401.70,
7/4/2013,$1401.70,
7/5/2013,$1362.50,
7/8/2013,$1384.70,
7/9/2013,$1395.70,
7/10/2013,$1397.20,
7/11/2013,$1429.70,
7/12/2013,$1427.40,
7/15/2013,$1433.30,
7/16/2013,$1440.20,
7/17/2013,$1427.30,
7/18/2013,$1434.00,
7/19/2013,$1442.70,
7/22/2013,$1485.80,
7/23/2013,$1484.50,
7/24/2013,$1469.30,
7/25/2013,$1478.60,
7/26/2013,$1471.30,
7/29/2013,$1478.20,
7/30/2013,$1473.80,
7/31/2013,$1462.20,
8/1/2013,$1460.80,
8/2/2013,$1460.40,
8/5/2013,$1452.30,
8/6/2013,$1432.40,
8/7/2013,$1435.20,
8/8/2013,$1459.80,
8/9/2013,$1462.10,
8/12/2013,$1484.10,
8/13/2013,$1470.40,
8/14/2013,$1483.30,
8/15/2013,$1510.80,
8/16/2013,$1520.90,
8/19/2013,$1515.60,
8/20/2013,$1522.50,
8/21/2013,$1520.00,
8/22/2013,$1520.70,
8/23/2013,$1545.70,
8/26/2013,$1543.00,
8/27/2013,$1570.10,
8/28/2013,$1568.70,
8/29/2013,$1562.80,
8/30/2013,$1546.00,
9/2/2013,$1546.00,
9/3/2013,$1561.90,
9/4/2013,$1539.90,
9/5/2013,$1522.90,
9/6/2013,$1536.40,
9/9/2013,$1536.60,
9/10/2013,$1513.90,
9/11/2013,$1513.70,
9/12/2013,$1480.50,
9/13/2013,$1458.50,
9/16/2013,$1467.70,
9/17/2013,$1459.30,
9/18/2013,$1457.50,
9/19/2013,$1519.20,
9/20/2013,$1482.40,
9/23/2013,$1476.90,
9/24/2013,$1466.20,
9/25/2013,$1486.10,
9/26/2013,$1474.00,
9/27/2013,$1489.10,
9/30/2013,$1476.90,
10/1/2013,$1436.00,
10/2/2013,$1470.60,
10/3/2013,$1467.50,
10/4/2013,$1459.80,
10/7/2013,$1475.00,
10/8/2013,$1474.50,
10/9/2013,$1457.10,
10/10/2013,$1446.80,
10/11/2013,$1418.10,
10/14/2013,$1426.50,
10/15/2013,$1423.10,
10/16/2013,$1432.20,
10/17/2013,$1472.90,
10/18/2013,$1464.50,
10/21/2013,$1465.70,
10/22/2013,$1492.50,
10/23/2013,$1483.90,
10/24/2013,$1500.20,
10/25/2013,$1502.40,
10/28/2013,$1502.10,
10/29/2013,$1495.40,
10/30/2013,$1499.20,
10/31/2013,$1473.60,
11/1/2013,$1463.10,
11/4/2013,$1464.60,
11/5/2013,$1458.00,
11/6/2013,$1467.70,
11/7/2013,$1458.40,
11/8/2013,$1434.50,
11/11/2013,$1431.00,
11/12/2013,$1421.10,
11/13/2013,$1418.30,
11/14/2013,$1436.20,
11/15/2013,$1437.30,
11/18/2013,$1422.20,
11/19/2013,$1423.40,
11/20/2013,$1407.90,
11/21/2013,$1393.50,
11/22/2013,$1394.00,
11/25/2013,$1391.10,
11/26/2013,$1391.30,
11/27/2013,$1387.70,
11/28/2013,$1387.70,
11/29/2013,$1400.50,
12/2/2013,$1372.20,
12/3/2013,$1371.10,
12/4/2013,$1397.50,
12/5/2013,$1382.20,
12/6/2013,$1379.30,
12/9/2013,$1384.50,
12/10/2013,$1411.40,
12/11/2013,$1407.50,
12/12/2013,$1375.20,
12/13/2013,$1384.90,
12/16/2013,$1394.70,
12/17/2013,$1380.40,
12/18/2013,$1385.30,
12/19/2013,$1343.90,
12/20/2013,$1354.00,
12/23/2013,$1347.30,
12/24/2013,$1353.60,
12/25/2013,$1353.60,
12/26/2013,$1362.60,
12/27/2013,$1364.30,
12/30/2013,$1354.10,
12/31/2013,$1352.60,
1/1/2014,$1352.60,
1/2/2014,$1375.50,
1/3/2014,$1388.90,
1/6/2014,$1388.30,
1/7/2014,$1379.90,
1/8/2014,$1375.80,
1/9/2014,$1379.70,
1/10/2014,$1397.20,
1/13/2014,$1401.40,
1/14/2014,$1395.70,
1/15/2014,$1388.60,
1/16/2014,$1390.50,
1/17/2014,$1402.20,
1/20/2014,$1402.20,
1/21/2014,$1392.10,
1/22/2014,$1388.90,
1/23/2014,$1412.60,
1/24/2014,$1414.60,
1/27/2014,$1413.70,
1/28/2014,$1401.10,
1/29/2014,$1412.50,
1/30/2014,$1392.50,
1/31/2014,$1390.40,
2/3/2014,$1410.70,
2/4/2014,$1402.00,
2/5/2014,$1407.70,
2/6/2014,$1408.00,
2/7/2014,$1413.70,
2/10/2014,$1425.50,
2/11/2014,$1440.60,
2/12/2014,$1445.80,
2/13/2014,$1450.90,
2/14/2014,$1469.40,
2/17/2014,$1469.40,
2/18/2014,$1475.20,
2/19/2014,$1471.20,
2/20/2014,$1467.70,
2/21/2014,$1474.40,
2/24/2014,$1488.80,
2/25/2014,$1493.50,
2/26/2014,$1478.80,
2/27/2014,$1482.60,
2/28/2014,$1472.40,
3/3/2014,$1501.10,
3/4/2014,$1488.70,
3/5/2014,$1491.10,
3/6/2014,$1502.60,
3/7/2014,$1489.00,
3/10/2014,$1492.30,
3/11/2014,$1497.50,
3/12/2014,$1521.30,
3/13/2014,$1523.20,
3/14/2014,$1529.80,
3/17/2014,$1523.70,
3/18/2014,$1509.80,
3/19/2014,$1492.10,
3/20/2014,$1481.30,
3/21/2014,$1486.80,
3/24/2014,$1462.00,
3/25/2014,$1462.20,
3/26/2014,$1454.20,
3/27/2014,$1445.50,
3/28/2014,$1444.60,
3/31/2014,$1434.20,
4/1/2014,$1430.40,
4/2/2014,$1441.30,
4/3/2014,$1435.10,
4/4/2014,$1454.00,
4/7/2014,$1448.80,
4/8/2014,$1459.60,
4/9/2014,$1456.40,
4/10/2014,$1471.00,
4/11/2014,$1469.50,
4/14/2014,$1478.00,
4/15/2014,$1450.80,
4/16/2014,$1454.00,
4/17/2014,$1444.40,
4/18/2014,$1444.40,
4/21/2014,$1439.00,
4/22/2014,$1431.60,
4/23/2014,$1435.10,
4/24/2014,$1441.10,
4/25/2014,$1451.30,
4/28/2014,$1449.50,
4/29/2014,$1446.80,
4/30/2014,$1446.40,
5/1/2014,$1433.90,
5/2/2014,$1453.40,
5/5/2014,$1459.80,
5/6/2014,$1459.10,
5/7/2014,$1439.40,
5/8/2014,$1438.20,
5/9/2014,$1438.10,
5/12/2014,$1446.30,
5/13/2014,$1445.30,
5/14/2014,$1456.40,
5/15/2014,$1444.10,
5/16/2014,$1443.90,
5/19/2014,$1444.30,
5/20/2014,$1445.10,
5/21/2014,$1438.60,
5/22/2014,$1445.50,
5/23/2014,$1442.20,
5/26/2014,$1442.20,
5/27/2014,$1416.00,
5/28/2014,$1409.80,
5/29/2014,$1406.80,
5/30/2014,$1396.10,
6/2/2014,$1394.20,
6/3/2014,$1394.70,
6/4/2014,$1394.50,
6/5/2014,$1403.50,
6/6/2014,$1402.70,
6/9/2014,$1404.10,
6/10/2014,$1410.30,
6/11/2014,$1411.40,
6/12/2014,$1424.20,
6/13/2014,$1424.30,
6/16/2014,$1425.50,
6/17/2014,$1422.20,
6/18/2014,$1422.90,
6/19/2014,$1464.30,
6/20/2014,$1466.80,
6/23/2014,$1468.60,
6/24/2014,$1471.50,
6/25/2014,$1472.80,
6/26/2014,$1467.20,
6/27/2014,$1470.20,
6/30/2014,$1472.20,
7/1/2014,$1476.80,
7/2/2014,$1481.10,
7/3/2014,$1470.80,
7/4/2014,$1470.80,
7/7/2014,$1467.20,
7/8/2014,$1466.70,
7/9/2014,$1474.50,
7/10/2014,$1489.40,
7/11/2014,$1487.60,
7/14/2014,$1456.90,
7/15/2014,$1447.30,
7/16/2014,$1450.00,
7/17/2014,$1467.10,
7/18/2014,$1459.60,
7/21/2014,$1464.10,
7/22/2014,$1456.50,
7/23/2014,$1454.90,
7/24/2014,$1441.00,
7/25/2014,$1453.50,
7/28/2014,$1453.50,
7/29/2014,$1448.50,
7/30/2014,$1445.10,
7/31/2014,$1431.50,
8/1/2014,$1443.80,
8/4/2014,$1437.90,
8/5/2014,$1434.30,
8/6/2014,$1457.20,
8/7/2014,$1461.50,
8/8/2014,$1460.00,
8/11/2014,$1459.50,
8/12/2014,$1459.60,
8/13/2014,$1463.50,
8/14/2014,$1464.70,
8/15/2014,$1455.20,
8/18/2014,$1448.30,
8/19/2014,$1445.70,
8/20/2014,$1444.20,
8/21/2014,$1424.40,
8/22/2014,$1429.20,
8/25/2014,$1427.90,
8/26/2014,$1434.20,
8/27/2014,$1432.40,
8/28/2014,$1439.40,
8/29/2014,$1436.40,
9/1/2014,$1436.40,
9/2/2014,$1414.00,
9/3/2014,$1419.30,
9/4/2014,$1415.50,
9/5/2014,$1416.30,
9/8/2014,$1403.30,
9/9/2014,$1397.50,
9/10/2014,$1394.30,
9/11/2014,$1388.00,
9/12/2014,$1380.50,
9/15/2014,$1384.10,
9/16/2014,$1385.70,
9/17/2014,$1384.90,
9/18/2014,$1375.90,
9/19/2014,$1365.60,
9/22/2014,$1366.90,
9/23/2014,$1371.00,
9/24/2014,$1368.50,
9/25/2014,$1370.90,
9/26/2014,$1364.40,
9/29/2014,$1367.80,
9/30/2014,$1360.60,
10/1/2014,$1364.50,
10/2/2014,$1364.10,
10/3/2014,$1341.90,
10/6/2014,$1356.30,
10/7/2014,$1361.40,
10/8/2014,$1355.00,
10/9/2014,$1374.30,
10/10/2014,$1370.70,
10/13/2014,$1379.00,
10/14/2014,$1383.30,
10/15/2014,$1393.80,
10/16/2014,$1390.20,
10/17/2014,$1388.00,
10/20/2014,$1393.70,
10/21/2014,$1400.70,
10/22/2014,$1394.50,
10/23/2014,$1378.10,
10/24/2014,$1380.80,
10/27/2014,$1378.30,
10/28/2014,$1378.40,
10/29/2014,$1373.90,
10/30/2014,$1347.60,
10/31/2014,$1320.60,
11/3/2014,$1318.80,
11/4/2014,$1316.70,
11/5/2014,$1294.70,
11/6/2014,$1291.60,
11/7/2014,$1318.80,
11/10/2014,$1308.80,
11/11/2014,$1312.00,
11/12/2014,$1308.10,
11/13/2014,$1310.50,
11/14/2014,$1334.60,
11/17/2014,$1332.50,
11/18/2014,$1346.10,
11/19/2014,$1342.90,
11/20/2014,$1339.90,
11/21/2014,$1346.70,
11/24/2014,$1344.70,
11/25/2014,$1346.10,
11/26/2014,$1345.60,
11/27/2014,$1345.60,
11/28/2014,$1324.20,
12/1/2014,$1367.00,
12/2/2014,$1348.30,
12/3/2014,$1357.60,
12/4/2014,$1356.60,
12/5/2014,$1339.30,
12/8/2014,$1343.80,
12/9/2014,$1380.90,
12/10/2014,$1378.30,
12/11/2014,$1374.50,
12/12/2014,$1371.40,
12/15/2014,$1356.60,
12/16/2014,$1343.20,
12/17/2014,$1343.40,
12/18/2014,$1343.70,
12/19/2014,$1344.90,
12/22/2014,$1328.70,
12/23/2014,$1326.90,
12/24/2014,$1322.40,
12/25/2014,$1322.40,
12/26/2014,$1344.20,
12/29/2014,$1330.80,
12/30/2014,$1349.30,
12/31/2014,$1333.00,
1/1/2015,$1333.00,
1/2/2015,$1335.10,
1/5/2015,$1352.90,
1/6/2015,$1368.30,
1/7/2015,$1359.60,
1/8/2015,$1357.40,
1/9/2015,$1365.00,
1/12/2015,$1381.70,
1/13/2015,$1383.30,
1/14/2015,$1383.40,
1/15/2015,$1413.70,
1/16/2015,$1425.80,
1/19/2015,$1425.80,
1/20/2015,$1443.10,
1/21/2015,$1442.60,
1/22/2015,$1449.60,
1/23/2015,$1441.50,
1/26/2015,$1428.30,
1/27/2015,$1440.60,
1/28/2015,$1434.80,
1/29/2015,$1403.50,
1/30/2015,$1427.40,
2/2/2015,$1425.10,
2/3/2015,$1408.50,
2/4/2015,$1412.70,
2/5/2015,$1410.90,
2/6/2015,$1382.80,
2/9/2015,$1389.70,
2/10/2015,$1380.40,
2/11/2015,$1367.80,
2/12/2015,$1368.90,
2/13/2015,$1375.30,
2/16/2015,$1375.30,
2/17/2015,$1356.80,
2/18/2015,$1348.40,
2/19/2015,$1355.80,
2/20/2015,$1353.10,
2/23/2015,$1349.00,
2/24/2015,$1345.50,
2/25/2015,$1349.70,
2/26/2015,$1358.30,
2/27/2015,$1361.30,
3/2/2015,$1356.40,
3/3/2015,$1352.60,
3/4/2015,$1349.10,
3/5/2015,$1344.40,
3/6/2015,$1312.50,
3/9/2015,$1314.70,
3/10/2015,$1308.30,
3/11/2015,$1298.80,
3/12/2015,$1300.10,
3/13/2015,$1300.60,
3/16/2015,$1301.40,
3/17/2015,$1296.40,
3/18/2015,$1299.50,
3/19/2015,$1317.20,
3/20/2015,$1332.80,
3/23/2015,$1335.90,
3/24/2015,$1339.60,
3/25/2015,$1345.20,
3/26/2015,$1353.00,
3/27/2015,$1348.00,
3/30/2015,$1333.00,
3/31/2015,$1331.30,
4/1/2015,$1356.30,
4/2/2015,$1349.10,
4/3/2015,$1349.10,
4/6/2015,$1366.80,
4/7/2015,$1358.80,
4/8/2015,$1351.30,
4/9/2015,$1341.80,
4/10/2015,$1352.80,
4/13/2015,$1347.50,
4/14/2015,$1340.80,
4/15/2015,$1349.50,
4/16/2015,$1346.20,
4/17/2015,$1351.30,
4/20/2015,$1341.90,
4/21/2015,$1351.30,
4/22/2015,$1335.10,
4/23/2015,$1342.50,
4/24/2015,$1323.20,
4/27/2015,$1351.40,
4/28/2015,$1362.10,
4/29/2015,$1358.20,
4/30/2015,$1330.60,
5/1/2015,$1322.70,
5/4/2015,$1335.00,
5/5/2015,$1341.40,
5/6/2015,$1338.50,
5/7/2015,$1330.40,
5/8/2015,$1337.10,
5/11/2015,$1331.20,
5/12/2015,$1340.60,
5/13/2015,$1366.40,
5/14/2015,$1373.40,
5/15/2015,$1373.50,
5/18/2015,$1375.80,
5/19/2015,$1354.90,
5/20/2015,$1356.90,
5/21/2015,$1352.30,
5/22/2015,$1352.20,
5/25/2015,$1352.20,
5/26/2015,$1335.10,
5/27/2015,$1333.80,
5/28/2015,$1336.30,
5/29/2015,$1337.60,
6/1/2015,$1336.50,
6/2/2015,$1342.20,
6/3/2015,$1332.70,
6/4/2015,$1323.00,
6/5/2015,$1315.90,
6/8/2015,$1321.40,
6/9/2015,$1325.40,
6/10/2015,$1334.40,
6/11/2015,$1328.20,
6/12/2015,$1327.00,
6/15/2015,$1333.60,
6/16/2015,$1328.70,
6/17/2015,$1324.60,
6/18/2015,$1349.80,
6/19/2015,$1349.70,
6/22/2015,$1331.90,
6/23/2015,$1324.40,
6/24/2015,$1320.70,
6/25/2015,$1319.60,
6/26/2015,$1321.00,
6/29/2015,$1326.80,
6/30/2015,$1319.60,
7/1/2015,$1317.10,
7/2/2015,$1311.30,
7/3/2015,$1311.30,
7/6/2015,$1321.00,
7/7/2015,$1300.40,
7/8/2015,$1311.30,
7/9/2015,$1307.00,
7/10/2015,$1305.70,
7/13/2015,$1303.20,
7/14/2015,$1301.30,
7/15/2015,$1295.20,
7/16/2015,$1291.70,
7/17/2015,$1279.70,
7/20/2015,$1254.60,
7/21/2015,$1251.30,
7/22/2015,$1239.30,
7/23/2015,$1241.90,
7/24/2015,$1233.30,
7/27/2015,$1244.20,
7/28/2015,$1244.00,
7/29/2015,$1240.40,
7/30/2015,$1236.20,
7/31/2015,$1242.70,
8/3/2015,$1237.20,
8/4/2015,$1238.50,
8/5/2015,$1233.40,
8/6/2015,$1237.90,
8/7/2015,$1241.90,
8/10/2015,$1251.90,
8/11/2015,$1255.50,
8/12/2015,$1271.40,
8/13/2015,$1263.40,
8/14/2015,$1260.50,
8/17/2015,$1266.20,
8/18/2015,$1264.70,
8/19/2015,$1275.70,
8/20/2015,$1301.00,
8/21/2015,$1307.40,
8/24/2015,$1301.40,
8/25/2015,$1286.10,
8/26/2015,$1272.40,
8/27/2015,$1270.40,
8/28/2015,$1281.80,
8/31/2015,$1280.30,
9/1/2015,$1287.60,
9/2/2015,$1281.40,
9/3/2015,$1272.30,
9/4/2015,$1269.20,
9/7/2015,$1269.20,
9/8/2015,$1268.80,
9/9/2015,$1249.80,
9/10/2015,$1257.10,
9/11/2015,$1251.10,
9/14/2015,$1255.50,
9/15/2015,$1250.40,
9/16/2015,$1266.80,
9/17/2015,$1264.80,
9/18/2015,$1285.60,
9/21/2015,$1280.60,
9/22/2015,$1272.60,
9/23/2015,$1279.30,
9/24/2015,$1301.60,
9/25/2015,$1293.40,
9/28/2015,$1279.50,
9/29/2015,$1274.60,
9/30/2015,$1263.00,
10/1/2015,$1261.50,
10/2/2015,$1284.40,
10/5/2015,$1285.40,
10/6/2015,$1294.20,
10/7/2015,$1296.50,
10/8/2015,$1292.10,
10/9/2015,$1303.70,
10/12/2015,$1312.30,
10/13/2015,$1313.20,
10/14/2015,$1327.60,
10/15/2015,$1335.30,
10/16/2015,$1330.90,
10/19/2015,$1320.60,
10/20/2015,$1325.30,
10/21/2015,$1314.90,
10/22/2015,$1313.90,
10/23/2015,$1310.60,
10/26/2015,$1314.00,
10/27/2015,$1313.60,
10/28/2015,$1323.90,
10/29/2015,$1295.10,
10/30/2015,$1289.20,
11/2/2015,$1283.70,
11/3/2015,$1261.90,
11/4/2015,$1254.00,
11/5/2015,$1252.00,
11/6/2015,$1235.50,
11/9/2015,$1235.90,
11/10/2015,$1236.30,
11/11/2015,$1232.70,
11/12/2015,$1228.80,
11/13/2015,$1228.70,
11/16/2015,$1231.40,
11/17/2015,$1216.40,
11/18/2015,$1216.50,
11/19/2015,$1225.70,
11/20/2015,$1224.10,
11/23/2015,$1214.60,
11/24/2015,$1221.60,
11/25/2015,$1217.80,
11/26/2015,$1217.80,
11/27/2015,$1204.00,
11/30/2015,$1213.60,
12/1/2015,$1211.60,
12/2/2015,$1202.00,
12/3/2015,$1209.40,
12/4/2015,$1232.30,
12/7/2015,$1223.40,
12/8/2015,$1223.50,
12/9/2015,$1224.70,
12/10/2015,$1220.20,
12/11/2015,$1223.90,
12/14/2015,$1211.60,
12/15/2015,$1209.80,
12/16/2015,$1225.00,
12/17/2015,$1197.80,
12/18/2015,$1213.20,
12/21/2015,$1228.80,
12/22/2015,$1222.30,
12/23/2015,$1216.50,
12/24/2015,$1224.10,
12/25/2015,$1224.10,
12/28/2015,$1216.50,
12/29/2015,$1216.20,
12/30/2015,$1208.00,
12/31/2015,$1208.40,
1/1/2016,$1208.40,
1/4/2016,$1223.40,
1/5/2016,$1226.60,
1/6/2016,$1240.10,
1/7/2016,$1256.00,
1/8/2016,$1246.10,
1/11/2016,$1244.40,
1/12/2016,$1233.40,
1/13/2016,$1235.30,
1/14/2016,$1221.80,
1/15/2016,$1238.90,
1/18/2016,$1238.90,
1/19/2016,$1237.30,
1/20/2016,$1254.40,
1/21/2016,$1246.40,
1/22/2016,$1244.50,
1/25/2016,$1253.50,
1/26/2016,$1268.40,
1/27/2016,$1264.00,
1/28/2016,$1263.80,
1/29/2016,$1264.60,
2/1/2016,$1276.10,
2/2/2016,$1275.30,
2/3/2016,$1289.40,
2/4/2016,$1305.60,
2/5/2016,$1305.80,
2/8/2016,$1346.00,
2/9/2016,$1346.70,
2/10/2016,$1342.70,
2/11/2016,$1395.90,
2/12/2016,$1387.50,
2/15/2016,$1387.50,
2/16/2016,$1356.30,
2/17/2016,$1359.50,
2/18/2016,$1374.40,
2/19/2016,$1378.90,
2/22/2016,$1358.20,
2/23/2016,$1370.70,
2/24/2016,$1387.20,
2/25/2016,$1386.90,
2/26/2016,$1368.50,
2/29/2016,$1382.50,
3/1/2016,$1378.90,
3/2/2016,$1389.90,
3/3/2016,$1406.30,
3/4/2016,$1418.80,
3/7/2016,$1412.10,
3/8/2016,$1411.00,
3/9/2016,$1405.50,
3/10/2016,$1420.90,
3/11/2016,$1407.50,
3/14/2016,$1393.20,
3/15/2016,$1379.10,
3/16/2016,$1377.90,
3/17/2016,$1413.10,
3/18/2016,$1402.40,
3/21/2016,$1392.30,
3/22/2016,$1396.70,
3/23/2016,$1372.10,
3/24/2016,$1369.70,
3/25/2016,$1369.70,
3/28/2016,$1368.20,
3/29/2016,$1383.90,
3/30/2016,$1375.00,
3/31/2016,$1382.30,
4/1/2016,$1370.30,
4/4/2016,$1366.10,
4/5/2016,$1376.40,
4/6/2016,$1370.60,
4/7/2016,$1384.30,
4/8/2016,$1390.60,
4/11/2016,$1404.80,
4/12/2016,$1407.70,
4/13/2016,$1395.10,
4/14/2016,$1373.30,
4/15/2016,$1381.40,
4/18/2016,$1381.80,
4/19/2016,$1401.10,
4/20/2016,$1401.20,
4/21/2016,$1397.10,
4/22/2016,$1376.80,
4/25/2016,$1387.00,
4/26/2016,$1390.20,
4/27/2016,$1397.20,
4/28/2016,$1413.20,
4/29/2016,$1437.30,
5/2/2016,$1442.60,
5/3/2016,$1438.60,
5/4/2016,$1421.20,
5/5/2016,$1419.10,
5/6/2016,$1440.80,
5/9/2016,$1413.40,
5/10/2016,$1411.60,
5/11/2016,$1422.30,
5/12/2016,$1418.00,
5/13/2016,$1419.50,
5/16/2016,$1421.00,
5/17/2016,$1423.70,
5/18/2016,$1421.20,
5/19/2016,$1401.60,
5/20/2016,$1399.70,
5/23/2016,$1398.30,
5/24/2016,$1376.00,
5/25/2016,$1370.60,
5/26/2016,$1367.20,
5/27/2016,$1360.60,
5/30/2016,$1360.60,
5/31/2016,$1361.60,
6/1/2016,$1358.70,
6/2/2016,$1356.60,
6/3/2016,$1386.90,
6/6/2016,$1391.40,
6/7/2016,$1391.00,
6/8/2016,$1406.30,
6/9/2016,$1416.70,
6/10/2016,$1419.90,
6/13/2016,$1430.90,
6/14/2016,$1432.10,
6/15/2016,$1432.30,
6/16/2016,$1442.40,
6/17/2016,$1438.80,
6/20/2016,$1436.10,
6/21/2016,$1416.50,
6/22/2016,$1414.00,
6/23/2016,$1407.10,
6/24/2016,$1466.40,
6/27/2016,$1468.70,
6/28/2016,$1461.90,
6/29/2016,$1470.90,
6/30/2016,$1464.60,
7/1/2016,$1483.00,
7/4/2016,$1483.00,
7/5/2016,$1502.70,
7/6/2016,$1511.10,
7/7/2016,$1506.10,
7/8/2016,$1502.40,
7/11/2016,$1500.60,
7/12/2016,$1479.30,
7/13/2016,$1487.60,
7/14/2016,$1476.20,
7/15/2016,$1471.40,
7/18/2016,$1473.30,
7/19/2016,$1476.30,
7/20/2016,$1463.30,
7/21/2016,$1475.00,
7/22/2016,$1467.40,
7/25/2016,$1463.50,
7/26/2016,$1464.80,
7/27/2016,$1470.70,
7/28/2016,$1476.30,
7/29/2016,$1493.00,
8/1/2016,$1495.40,
8/2/2016,$1508.40,
8/3/2016,$1500.50,
8/4/2016,$1503.20,
8/5/2016,$1480.20,
8/8/2016,$1477.10,
8/9/2016,$1482.50,
8/10/2016,$1487.70,
8/11/2016,$1485.80,
8/12/2016,$1479.00,
8/15/2016,$1483.30,
8/16/2016,$1492.70,
8/17/2016,$1484.60,
8/18/2016,$1493.00,
8/19/2016,$1482.00,
8/22/2016,$1479.20,
8/23/2016,$1481.90,
8/24/2016,$1465.50,
8/25/2016,$1460.40,
8/26/2016,$1461.70,
8/29/2016,$1462.90,
8/30/2016,$1452.30,
8/31/2016,$1447.20,
9/1/2016,$1452.90,
9/2/2016,$1462.50,
9/5/2016,$1462.50,
9/6/2016,$1489.80,
9/7/2016,$1485.00,
9/8/2016,$1477.40,
9/9/2016,$1470.30,
9/12/2016,$1461.40,
9/13/2016,$1459.50,
9/14/2016,$1461.90,
9/15/2016,$1453.80,
9/16/2016,$1446.00,
9/19/2016,$1453.60,
9/20/2016,$1454.00,
9/21/2016,$1467.20,
9/22/2016,$1480.50,
9/23/2016,$1477.50,
9/26/2016,$1479.90,
9/27/2016,$1466.20,
9/28/2016,$1459.50,
9/29/2016,$1461.80,
9/30/2016,$1452.90,
10/3/2016,$1448.50,
10/4/2016,$1405.50,
10/5/2016,$1404.40,
10/6/2016,$1388.80,
10/7/2016,$1387.70,
10/10/2016,$1396.20,
10/11/2016,$1391.70,
10/12/2016,$1389.60,
10/13/2016,$1393.40,
10/14/2016,$1391.30,
10/17/2016,$1392.40,
10/18/2016,$1398.70,
10/19/2016,$1405.70,
10/20/2016,$1403.30,
10/21/2016,$1403.50,
10/24/2016,$1399.50,
10/25/2016,$1409.40,
10/26/2016,$1402.40,
10/27/2016,$1405.30,
10/28/2016,$1412.60,
10/31/2016,$1408.90,
11/1/2016,$1423.80,
11/2/2016,$1444.00,
11/3/2016,$1439.10,
11/4/2016,$1440.30,
11/7/2016,$1415.20,
11/8/2016,$1410.30,
11/9/2016,$1409.30,
11/10/2016,$1402.20,
11/11/2016,$1360.10,
11/14/2016,$1357.50,
11/15/2016,$1360.30,
11/16/2016,$1359.70,
11/17/2016,$1352.70,
11/18/2016,$1344.50,
11/21/2016,$1345.60,
11/22/2016,$1347.00,
11/23/2016,$1325.10,
11/24/2016,$1325.10,
11/25/2016,$1314.20,
11/28/2016,$1326.60,
11/29/2016,$1323.70,
11/30/2016,$1306.60,
12/1/2016,$1302.70,
12/2/2016,$1310.90,
12/5/2016,$1309.60,
12/6/2016,$1303.20,
12/7/2016,$1310.60,
12/8/2016,$1305.50,
12/9/2016,$1295.00,
12/12/2016,$1298.90,
12/13/2016,$1292.10,
12/14/2016,$1296.80,
12/15/2016,$1262.90,
12/16/2016,$1270.50,
12/19/2016,$1275.80,
12/20/2016,$1266.70,
12/21/2016,$1266.30,
12/22/2016,$1263.80,
12/23/2016,$1266.70,
12/26/2016,$1266.70,
12/27/2016,$1271.90,
12/28/2016,$1274.00,
12/29/2016,$1291.20,
12/30/2016,$1284.80,
1/2/2017,$1284.80,
1/3/2017,$1295.10,
1/4/2017,$1298.40,
1/5/2017,$1314.40,
1/6/2017,$1306.50,
1/9/2017,$1318.00,
1/10/2017,$1318.60,
1/11/2017,$1329.70,
1/12/2017,$1332.90,
1/13/2017,$1329.30,
1/16/2017,$1329.30,
1/17/2017,$1346.00,
1/18/2017,$1345.20,
1/19/2017,$1334.60,
1/20/2017,$1338.00,
1/23/2017,$1348.70,
1/24/2017,$1343.90,
1/25/2017,$1330.90,
1/26/2017,$1322.90,
1/27/2017,$1321.50,
1/30/2017,$1326.30,
1/31/2017,$1341.70,
2/1/2017,$1338.70,
2/2/2017,$1349.80,
2/3/2017,$1351.20,
2/6/2017,$1362.50,
2/7/2017,$1366.50,
2/8/2017,$1369.90,
2/9/2017,$1367.20,
2/10/2017,$1366.30,
2/13/2017,$1356.20,
2/14/2017,$1355.80,
2/15/2017,$1363.50,
2/16/2017,$1372.00,
2/17/2017,$1369.50,
2/20/2017,$1369.50,
2/21/2017,$1369.30,
2/22/2017,$1363.70,
2/23/2017,$1381.80,
2/24/2017,$1388.70,
2/27/2017,$1389.20,
2/28/2017,$1384.30,
3/1/2017,$1380.40,
3/2/2017,$1363.30,
3/3/2017,$1356.90,
3/6/2017,$1355.90,
3/7/2017,$1346.50,
3/8/2017,$1339.80,
3/9/2017,$1333.60,
3/10/2017,$1331.80,
3/13/2017,$1333.50,
3/14/2017,$1333.00,
3/15/2017,$1331.10,
3/16/2017,$1357.50,
3/17/2017,$1360.60,
3/20/2017,$1364.40,
3/21/2017,$1376.90,
3/22/2017,$1380.10,
3/23/2017,$1377.60,
3/24/2017,$1378.90,
3/27/2017,$1386.10,
3/28/2017,$1386.00,
3/29/2017,$1384.10,
3/30/2017,$1375.40,
3/31/2017,$1377.70,
4/3/2017,$1381.20,
4/4/2017,$1385.60,
4/5/2017,$1375.70,
4/6/2017,$1380.50,
4/7/2017,$1384.50,
4/10/2017,$1381.10,
4/11/2017,$1401.40,
4/12/2017,$1405.30,
4/13/2017,$1415.70,
4/14/2017,$1415.70,
4/17/2017,$1419.10,
4/18/2017,$1421.30,
4/19/2017,$1410.60,
4/20/2017,$1411.00,
4/21/2017,$1416.30,
4/24/2017,$1404.70,
4/25/2017,$1394.40,
4/26/2017,$1391.40,
4/27/2017,$1393.10,
4/28/2017,$1395.50,
5/1/2017,$1382.70,
5/2/2017,$1384.20,
5/3/2017,$1375.70,
5/4/2017,$1355.80,
5/5/2017,$1354.10,
5/8/2017,$1354.30,
5/9/2017,$1343.30,
5/10/2017,$1346.10,
5/11/2017,$1351.40,
5/12/2017,$1354.90,
5/15/2017,$1357.20,
5/16/2017,$1363.60,
5/17/2017,$1385.90,
5/18/2017,$1380.00,
5/19/2017,$1380.80,
5/22/2017,$1388.60,
5/23/2017,$1382.70,
5/24/2017,$1380.30,
5/25/2017,$1383.60,
5/26/2017,$1395.30,
5/29/2017,$1395.30,
5/30/2017,$1389.30,
5/31/2017,$1399.20,
6/1/2017,$1394.20,
6/2/2017,$1404.00,
6/5/2017,$1406.50,
6/6/2017,$1421.30,
6/7/2017,$1417.00,
6/8/2017,$1403.30,
6/9/2017,$1395.20,
6/12/2017,$1392.70,
6/13/2017,$1392.40,
6/14/2017,$1399.70,
6/15/2017,$1378.40,
6/16/2017,$1380.30,
6/19/2017,$1370.50,
6/20/2017,$1367.30,
6/21/2017,$1369.60,
6/22/2017,$1373.20,
6/23/2017,$1380.20,
6/26/2017,$1370.20,
6/27/2017,$1370.70,
6/28/2017,$1372.90,
6/29/2017,$1369.60,
6/30/2017,$1366.10,
7/3/2017,$1343.00,
7/4/2017,$1343.00,
7/5/2017,$1345.50,
7/6/2017,$1347.10,
7/7/2017,$1333.50,
7/10/2017,$1337.00,
7/11/2017,$1338.50,
7/12/2017,$1342.90,
7/13/2017,$1341.10,
7/14/2017,$1351.30,
7/17/2017,$1357.50,
7/18/2017,$1365.70,
7/19/2017,$1365.80,
7/20/2017,$1369.30,
7/21/2017,$1378.70,
7/24/2017,$1378.10,
7/25/2017,$1375.90,
7/26/2017,$1373.20,
7/27/2017,$1383.80,
7/28/2017,$1392.20,
7/31/2017,$1390.40,
8/1/2017,$1396.40,
8/2/2017,$1395.60,
8/3/2017,$1391.60,
8/4/2017,$1381.80,
8/7/2017,$1381.90,
8/8/2017,$1379.80,
8/9/2017,$1396.50,
8/10/2017,$1407.30,
8/11/2017,$1411.20,
8/14/2017,$1407.60,
8/15/2017,$1396.90,
8/16/2017,$1400.10,
8/17/2017,$1409.60,
8/18/2017,$1408.80,
8/21/2017,$1413.90,
8/22/2017,$1408.20,
8/23/2017,$1411.90,
8/24/2017,$1409.20,
8/25/2017,$1415.10,
8/28/2017,$1432.50,
8/29/2017,$1436.10,
8/30/2017,$1431.30,
8/31/2017,$1439.40,
9/1/2017,$1447.60,
9/4/2017,$1447.60,
9/5/2017,$1461.70,
9/6/2017,$1456.20,
9/7/2017,$1467.50,
9/8/2017,$1468.40,
9/11/2017,$1452.90,
9/12/2017,$1449.90,
9/13/2017,$1445.20,
9/14/2017,$1446.50,
9/15/2017,$1442.40,
9/18/2017,$1428.00,
9/19/2017,$1427.80,
9/20/2017,$1433.60,
9/21/2017,$1412.00,
9/22/2017,$1414.70,
9/25/2017,$1428.70,
9/26/2017,$1418.90,
9/27/2017,$1405.00,
9/28/2017,$1405.90,
9/29/2017,$1402.00,
10/2/2017,$1393.00,
10/3/2017,$1391.80,
10/4/2017,$1394.00,
10/5/2017,$1390.40,
10/6/2017,$1392.10,
10/9/2017,$1402.20,
10/10/2017,$1411.00,
10/11/2017,$1406.10,
10/12/2017,$1413.70,
10/13/2017,$1421.80,
10/16/2017,$1420.20,
10/17/2017,$1403.40,
10/18/2017,$1400.20,
10/19/2017,$1407.20,
10/20/2017,$1397.70,
10/23/2017,$1398.10,
10/24/2017,$1395.50,
10/25/2017,$1396.20,
10/26/2017,$1386.80,
10/27/2017,$1389.00,
10/30/2017,$1394.90,
10/31/2017,$1387.70,
11/1/2017,$1394.50,
11/2/2017,$1395.30,
11/3/2017,$1386.40,
11/6/2017,$1398.80,
11/7/2017,$1393.00,
11/8/2017,$1400.90,
11/9/2017,$1404.70,
11/10/2017,$1391.40,
11/13/2017,$1396.10,
11/14/2017,$1400.10,
11/15/2017,$1394.90,
11/16/2017,$1395.40,
11/17/2017,$1413.70,
11/20/2017,$1392.50,
11/21/2017,$1398.90,
11/22/2017,$1409.40,
11/23/2017,$1409.40,
11/24/2017,$1404.50,
11/27/2017,$1411.60,
11/28/2017,$1412.10,
11/29/2017,$1399.30,
11/30/2017,$1390.40,
12/1/2017,$1396.00,
12/4/2017,$1391.50,
12/5/2017,$1378.70,
12/6/2017,$1379.90,
12/7/2017,$1366.90,
12/8/2017,$1362.20,
12/11/2017,$1360.70,
12/12/2017,$1355.50,
12/13/2017,$1362.40,
12/14/2017,$1370.90,
12/15/2017,$1371.30,
12/18/2017,$1379.30,
12/19/2017,$1378.00,
12/20/2017,$1383.40,
12/21/2017,$1384.40,
12/22/2017,$1392.60,
12/25/2017,$1392.60,
12/26/2017,$1401.30,
12/27/2017,$1405.20,
12/28/2017,$1411.00,
12/29/2017,$1423.10,
1/1/2018,$1423.10,
1/2/2018,$1429.90,
1/3/2018,$1432.30,
1/4/2018,$1435.40,
1/5/2018,$1436.10,
1/8/2018,$1434.20,
1/9/2018,$1427.50,
1/10/2018,$1433.10,
1/11/2018,$1436.30,
1/12/2018,$1448.70,
1/15/2018,$1448.70,
1/16/2018,$1450.90,
1/17/2018,$1453.00,
1/18/2018,$1441.00,
1/19/2018,$1446.90,
1/22/2018,$1445.70,
1/23/2018,$1450.50,
1/24/2018,$1470.10,
1/25/2018,$1476.70,
1/26/2018,$1465.90,
1/29/2018,$1454.10,
1/30/2018,$1449.20,
1/31/2018,$1452.80,
2/1/2018,$1458.10,
2/2/2018,$1447.50,
2/5/2018,$1446.70,
2/6/2018,$1439.70,
2/7/2018,$1424.80,
2/8/2018,$1429.20,
2/9/2018,$1425.90,
2/12/2018,$1436.60,
2/13/2018,$1440.60,
2/14/2018,$1468.20,
2/15/2018,$1465.50,
2/16/2018,$1466.40,
2/19/2018,$1466.40,
2/20/2018,$1441.40,
2/21/2018,$1442.30,
2/22/2018,$1442.90,
2/23/2018,$1440.50,
2/26/2018,$1443.00,
2/27/2018,$1428.80,
2/28/2018,$1428.10,
3/1/2018,$1415.40,
3/2/2018,$1433.60,
3/5/2018,$1430.10,
3/6/2018,$1445.40,
3/7/2018,$1437.80,
3/8/2018,$1431.90,
3/9/2018,$1434.20,
3/12/2018,$1431.00,
3/13/2018,$1437.30,
3/14/2018,$1435.80,
3/15/2018,$1428.00,
3/16/2018,$1422.50,
3/19/2018,$1428.00,
3/20/2018,$1422.10,
3/21/2018,$1431.70,
3/22/2018,$1437.60,
3/23/2018,$1460.10,
3/26/2018,$1465.20,
3/27/2018,$1452.20,
3/28/2018,$1434.40,
3/29/2018,$1433.00,
3/30/2018,$1433.00,
4/2/2018,$1452.30,
4/3/2018,$1442.70,
4/4/2018,$1445.60,
4/5/2018,$1433.90,
4/6/2018,$1441.50,
4/9/2018,$1445.50,
4/10/2018,$1451.30,
4/11/2018,$1465.40,
4/12/2018,$1447.30,
4/13/2018,$1453.30,
4/16/2018,$1456.10,
4/17/2018,$1454.90,
4/18/2018,$1458.90,
4/19/2018,$1454.20,
4/20/2018,$1443.70,
4/23/2018,$1429.40,
4/24/2018,$1438.40,
4/25/2018,$1428.20,
4/26/2018,$1423.30,
4/27/2018,$1428.80,
4/30/2018,$1424.60,
5/1/2018,$1412.20,
5/2/2018,$1411.00,
5/3/2018,$1418.10,
5/4/2018,$1420.10,
5/7/2018,$1419.50,
5/8/2018,$1419.10,
5/9/2018,$1418.40,
5/10/2018,$1427.70,
5/11/2018,$1426.10,
5/14/2018,$1423.60,
5/15/2018,$1395.70,
5/16/2018,$1396.90,
5/17/2018,$1394.80,
5/18/2018,$1396.70,
5/21/2018,$1396.30,
5/22/2018,$1397.40,
5/23/2018,$1395.00,
5/24/2018,$1409.80,
5/25/2018,$1409.10,
5/28/2018,$1409.10,
5/29/2018,$1404.40,
5/30/2018,$1406.90,
5/31/2018,$1405.50,
6/1/2018,$1400.20,
6/4/2018,$1398.50,
6/5/2018,$1403.40,
6/6/2018,$1402.60,
6/7/2018,$1404.20,
6/8/2018,$1403.90,
6/11/2018,$1404.40,
6/12/2018,$1400.60,
6/13/2018,$1402.50,
6/14/2018,$1409.50,
6/15/2018,$1379.70,
6/18/2018,$1381.30,
6/19/2018,$1379.80,
6/20/2018,$1375.70,
6/21/2018,$1371.70,
6/22/2018,$1371.90,
6/25/2018,$1370.10,
6/26/2018,$1361.10,
6/27/2018,$1357.30,
6/28/2018,$1352.20,
6/29/2018,$1355.70,
7/2/2018,$1342.90,
7/3/2018,$1354.70,
7/4/2018,$1354.70,
7/5/2018,$1360.00,
7/6/2018,$1357.00,
7/9/2018,$1360.80,
7/10/2018,$1356.60,
7/11/2018,$1345.60,
7/12/2018,$1347.80,
7/13/2018,$1342.40,
7/16/2018,$1340.90,
7/17/2018,$1328.50,
7/18/2018,$1329.10,
7/19/2018,$1325.20,
7/20/2018,$1332.30,
7/23/2018,$1326.80,
7/24/2018,$1326.70,
7/25/2018,$1333.00,
7/26/2018,$1326.90,
7/27/2018,$1324.20,
7/30/2018,$1322.50,
7/31/2018,$1324.90,
8/1/2018,$1319.10,
8/2/2018,$1311.80,
8/3/2018,$1314.90,
8/6/2018,$1309.40,
8/7/2018,$1310.00,
8/8/2018,$1312.70,
8/9/2018,$1311.60,
8/10/2018,$1310.70,
8/13/2018,$1290.60,
8/14/2018,$1292.40,
8/15/2018,$1276.70,
8/16/2018,$1275.70,
8/17/2018,$1275.90,
8/20/2018,$1286.30,
8/21/2018,$1291.70,
8/22/2018,$1295.00,
8/23/2018,$1285.70,
8/24/2018,$1305.00,
8/27/2018,$1307.70,
8/28/2018,$1306.10,
8/29/2018,$1303.20,
8/30/2018,$1296.70,
8/31/2018,$1298.40,
9/3/2018,$1298.40,
9/4/2018,$1290.80,
9/5/2018,$1293.00,
9/6/2018,$1296.00,
9/7/2018,$1292.10,
9/10/2018,$1291.50,
9/11/2018,$1293.90,
9/12/2018,$1302.60,
9/13/2018,$1299.90,
9/14/2018,$1292.80,
9/17/2018,$1297.50,
9/18/2018,$1294.60,
9/19/2018,$1300.00,
9/20/2018,$1303.00,
9/21/2018,$1293.00,
9/24/2018,$1296.10,
9/25/2018,$1296.80,
9/26/2018,$1290.80,
9/27/2018,$1279.10,
9/28/2018,$1287.90,
10/1/2018,$1283.40,
10/2/2018,$1298.70,
10/3/2018,$1294.60,
10/4/2018,$1293.30,
10/5/2018,$1297.30,
10/8/2018,$1280.30,
10/9/2018,$1283.20,
10/10/2018,$1285.10,
10/11/2018,$1319.30,
10/12/2018,$1313.70,
10/15/2018,$1322.00,
10/16/2018,$1322.70,
10/17/2018,$1319.10,
10/18/2018,$1321.80,
10/19/2018,$1320.40,
10/22/2018,$1316.30,
10/23/2018,$1328.50,
10/24/2018,$1322.80,
10/25/2018,$1324.10,
10/26/2018,$1327.50,
10/29/2018,$1319.30,
10/30/2018,$1317.00,
10/31/2018,$1306.70,
11/1/2018,$1330.30,
11/2/2018,$1325.00,
11/5/2018,$1324.00,
11/6/2018,$1318.00,
11/7/2018,$1320.40,
11/8/2018,$1316.80,
11/9/2018,$1300.30,
11/12/2018,$1295.20,
11/13/2018,$1293.10,
11/14/2018,$1301.80,
11/15/2018,$1306.70,
11/16/2018,$1314.70,
11/19/2018,$1317.00,
11/20/2018,$1312.90,
11/21/2018,$1319.70,
11/22/2018,$1319.70,
11/23/2018,$1314.90,
11/26/2018,$1314.10,
11/27/2018,$1305.10,
11/28/2018,$1315.30,
11/29/2018,$1315.80,
11/30/2018,$1311.90,
12/3/2018,$1325.60,
12/4/2018,$1332.60,
12/5/2018,$1328.60,
12/6/2018,$1329.60,
12/7/2018,$1338.60,
12/10/2018,$1335.40,
12/11/2018,$1333.20,
12/12/2018,$1336.00,
12/13/2018,$1333.40,
12/14/2018,$1327.40,
12/17/2018,$1337.80,
12/18/2018,$1339.60,
12/19/2018,$1342.40,
12/20/2018,$1353.90,
12/21/2018,$1344.10,
12/24/2018,$1357.80,
12/25/2018,$1357.80,
12/26/2018,$1359.00,
12/27/2018,$1367.10,
12/28/2018,$1369.00,
12/31/2018,$1367.30,
1/1/2019,$1367.30,
1/2/2019,$1370.10,
1/3/2019,$1380.80,
1/4/2019,$1371.80,
1/7/2019,$1375.90,
1/8/2019,$1371.90,
1/9/2019,$1378.00,
1/10/2019,$1373.40,
1/11/2019,$1375.50,
1/14/2019,$1377.30,
1/15/2019,$1374.40,
1/16/2019,$1379.80,
1/17/2019,$1378.30,
1/18/2019,$1368.60,
1/21/2019,$1368.60,
1/22/2019,$1369.40,
1/23/2019,$1370.00,
1/24/2019,$1365.80,
1/25/2019,$1384.10,
1/28/2019,$1389.10,
1/29/2019,$1394.90,
1/30/2019,$1395.90,
1/31/2019,$1405.70,
2/1/2019,$1402.90,
2/4/2019,$1400.30,
2/5/2019,$1400.20,
2/6/2019,$1395.40,
2/7/2019,$1395.20,
2/8/2019,$1399.50,
2/11/2019,$1392.90,
2/12/2019,$1395.00,
2/13/2019,$1396.10,
2/14/2019,$1394.90,
2/15/2019,$1403.10,
2/18/2019,$1403.10,
2/19/2019,$1425.80,
2/20/2019,$1428.90,
2/21/2019,$1408.80,
2/22/2019,$1413.80,
2/25/2019,$1410.50,
2/26/2019,$1409.50,
2/27/2019,$1402.20,
2/28/2019,$1397.10,
3/1/2019,$1380.20,
3/4/2019,$1368.50,
3/5/2019,$1365.70,
3/6/2019,$1368.60,
3/7/2019,$1367.10,
3/8/2019,$1380.30,
3/11/2019,$1372.10,
3/12/2019,$1379.10,
3/13/2019,$1390.30,
3/14/2019,$1376.10,
3/15/2019,$1383.90,
3/18/2019,$1382.50,
3/19/2019,$1387.50,
3/20/2019,$1382.70,
3/21/2019,$1388.30,
3/22/2019,$1393.30,
3/25/2019,$1403.60,
3/26/2019,$1396.00,
3/27/2019,$1391.40,
3/28/2019,$1370.80,
3/29/2019,$1374.00,
4/1/2019,$1369.40,
4/2/2019,$1370.60,
4/3/2019,$1370.50,
4/4/2019,$1369.50,
4/5/2019,$1370.80,
4/8/2019,$1377.10,
4/9/2019,$1383.50,
4/10/2019,$1389.10,
4/11/2019,$1368.50,
4/12/2019,$1370.40,
4/15/2019,$1366.50,
4/16/2019,$1352.40,
4/17/2019,$1352.00,
4/18/2019,$1351.20,
4/19/2019,$1351.20,
4/22/2019,$1352.80,
4/23/2019,$1348.40,
4/24/2019,$1354.60,
4/25/2019,$1354.90,
4/26/2019,$1364.00,
4/29/2019,$1356.70,
4/30/2019,$1360.90,
5/1/2019,$1359.40,
5/2/2019,$1347.20,
5/3/2019,$1356.50,
5/6/2019,$1359.00,
5/7/2019,$1360.80,
5/8/2019,$1356.60,
5/9/2019,$1360.40,
5/10/2019,$1362.60,
5/13/2019,$1377.00,
5/14/2019,$1371.50,
5/15/2019,$1373.00,
5/16/2019,$1361.40,
5/17/2019,$1350.90,
5/20/2019,$1352.50,
5/21/2019,$1348.40,
5/22/2019,$1349.40,
5/23/2019,$1360.60,
5/24/2019,$1358.80,
5/27/2019,$1358.80,
5/28/2019,$1352.30,
5/29/2019,$1356.20,
5/30/2019,$1362.30,
5/31/2019,$1381.00,
6/3/2019,$1397.90,
6/4/2019,$1398.70,
6/5/2019,$1403.60,
6/6/2019,$1412.70,
6/7/2019,$1416.10,
6/10/2019,$1399.30,
6/11/2019,$1401.20,
6/12/2019,$1406.80,
6/13/2019,$1413.70,
6/14/2019,$1414.50,
6/17/2019,$1412.90,
6/18/2019,$1420.70,
6/19/2019,$1418.80,
6/20/2019,$1466.90,
6/21/2019,$1470.10,
6/24/2019,$1488.20,
6/25/2019,$1488.70,
6/26/2019,$1485.40,
6/27/2019,$1482.00,
6/28/2019,$1483.70,
7/1/2019,$1459.30,
7/2/2019,$1478.00,
7/3/2019,$1490.90,
7/4/2019,$1490.90,
7/5/2019,$1470.10,
7/8/2019,$1470.00,
7/9/2019,$1470.50,
7/10/2019,$1482.50,
7/11/2019,$1476.70,
7/12/2019,$1482.20,
7/15/2019,$1483.50,
7/16/2019,$1481.20,
7/17/2019,$1493.30,
7/18/2019,$1498.10,
7/19/2019,$1496.70,
7/22/2019,$1496.90,
7/23/2019,$1491.70,
7/24/2019,$1493.60,
7/25/2019,$1484.70,
7/26/2019,$1489.30,
7/29/2019,$1490.40,
7/30/2019,$1499.70,
7/31/2019,$1496.10,
8/1/2019,$1490.90,
8/2/2019,$1515.60,
8/5/2019,$1534.60,
8/6/2019,$1542.30,
8/7/2019,$1577.70,
8/8/2019,$1567.60,
8/9/2019,$1566.60,
8/12/2019,$1575.30,
8/13/2019,$1572.20,
8/14/2019,$1585.90,
8/15/2019,$1589.30,
8/16/2019,$1581.70,
8/19/2019,$1569.70,
8/20/2019,$1573.80,
8/21/2019,$1573.80,
8/22/2019,$1566.60,
8/23/2019,$1595.70,
8/26/2019,$1595.30,
8/27/2019,$1609.90,
8/28/2019,$1607.20,
8/29/2019,$1595.00,
8/30/2019,$1587.50,
9/2/2019,$1587.50,
9/3/2019,$1614.00,
9/4/2019,$1618.50,
9/5/2019,$1583.60,
9/6/2019,$1573.60,
9/9/2019,$1569.20,
9/10/2019,$1557.30,
9/11/2019,$1561.30,
9/12/2019,$1565.50,
9/13/2019,$1557.60,
9/16/2019,$1569.60,
9/17/2019,$1571.50,
9/18/2019,$1573.90,
9/19/2019,$1564.30,
9/20/2019,$1573.20,
9/23/2019,$1589.60,
9/24/2019,$1598.30,
9/25/2019,$1570.40,
9/26/2019,$1573.30,
9/27/2019,$1564.50,
9/30/2019,$1531.00,
10/1/2019,$1547.10,
10/2/2019,$1566.00,
10/3/2019,$1571.90,
10/4/2019,$1571.00,
10/7/2019,$1562.50,
10/8/2019,$1562.00,
10/9/2019,$1570.90,
10/10/2019,$1559.00,
10/11/2019,$1546.80,
10/14/2019,$1555.70,
10/15/2019,$1541.60,
10/16/2019,$1552.10,
10/17/2019,$1556.40,
10/18/2019,$1552.20,
10/21/2019,$1546.20,
10/22/2019,$1545.60,
10/23/2019,$1553.80,
10/24/2019,$1562.80,
10/25/2019,$1563.40,
10/28/2019,$1553.90,
10/29/2019,$1548.80,
10/30/2019,$1554.80,
10/31/2019,$1572.90,
11/1/2019,$1569.50,
11/4/2019,$1569.20,
11/5/2019,$1541.80,
11/6/2019,$1551.20,
11/7/2019,$1524.50,
11/8/2019,$1521.00,
11/11/2019,$1515.20,
11/12/2019,$1511.80,
11/13/2019,$1521.40,
11/14/2019,$1531.50,
11/15/2019,$1526.60,
11/18/2019,$1530.00,
11/19/2019,$1532.40,
11/20/2019,$1532.30,
11/21/2019,$1521.70,
11/22/2019,$1521.70,
11/25/2019,$1515.00,
11/26/2019,$1518.40,
11/27/2019,$1511.50,
11/28/2019,$1511.50,
11/29/2019,$1523.70,
12/2/2019,$1520.40,
12/3/2019,$1535.60,
12/4/2019,$1531.40,
12/5/2019,$1534.30,
12/6/2019,$1516.30,
12/9/2019,$1516.10,
12/10/2019,$1519.30,
12/11/2019,$1526.20,
12/12/2019,$1523.50,
12/13/2019,$1532.40,
12/16/2019,$1531.70,
12/17/2019,$1531.80,
12/18/2019,$1529.90,
12/19/2019,$1535.60,
12/20/2019,$1532.10,
12/23/2019,$1539.90,
12/24/2019,$1556.00,
12/25/2019,$1556.00,
12/26/2019,$1565.60,
12/27/2019,$1569.30,
12/30/2019,$1569.80,
12/31/2019,$1574.30,
1/1/2020,$1574.30,
1/2/2020,$1579.30,
1/3/2020,$1603.60,
1/6/2020,$1620.00,
1/7/2020,$1625.50,
1/8/2020,$1611.40,
1/9/2020,$1605.50,
1/10/2020,$1611.30,
1/13/2020,$1601.80,
1/14/2020,$1595.80,
1/15/2020,$1605.20,
1/16/2020,$1601.70,
1/17/2020,$1611.50,
1/20/2020,$1611.50,
1/21/2020,$1609.10,
1/22/2020,$1607.90,
1/23/2020,$1616.60,
1/24/2020,$1623.10,
1/27/2020,$1628.60,
1/28/2020,$1621.00,
1/29/2020,$1621.60,
1/30/2020,$1634.70,
1/31/2020,$1634.10,
2/3/2020,$1628.40,
2/4/2020,$1601.50,
2/5/2020,$1608.80,
2/6/2020,$1616.00,
2/7/2020,$1619.40,
2/10/2020,$1625.50,
2/11/2020,$1616.10,
2/12/2020,$1617.60,
2/13/2020,$1624.80,
2/14/2020,$1632.40,
2/17/2020,$1632.40,
2/18/2020,$1649.60,
2/19/2020,$1657.80,
2/20/2020,$1666.50,
2/21/2020,$1694.80,
2/24/2020,$1722.60,
2/25/2020,$1696.00,
2/26/2020,$1689.10,
2/27/2020,$1688.50,
2/28/2020,$1612.70,
3/2/2020,$1640.80,
3/3/2020,$1690.40,
3/4/2020,$1689.00,
3/5/2020,$1714.00,
3/6/2020,$1718.40,
3/9/2020,$1721.70,
3/10/2020,$1706.30,
3/11/2020,$1688.30,
3/12/2020,$1636.30,
3/13/2020,$1562.70,
3/16/2020,$1532.50,
3/17/2020,$1571.80,
3/18/2020,$1523.90,
3/19/2020,$1525.30,
3/20/2020,$1530.60,
3/23/2020,$1613.60,
3/24/2020,$1706.80,
3/25/2020,$1679.40,
3/26/2020,$1697.20,
3/27/2020,$1671.00,
3/30/2020,$1668.00,
3/31/2020,$1629.40,
4/1/2020,$1624.20,
4/2/2020,$1670.50,
4/3/2020,$1678.50,
4/6/2020,$1726.70,
4/7/2020,$1716.50,
4/8/2020,$1717.10,
4/9/2020,$1785.60,
4/10/2020,$1785.60,
4/13/2020,$1794.20,
4/14/2020,$1801.70,
4/15/2020,$1773.00,
4/16/2020,$1764.50,
4/17/2020,$1731.60,
4/20/2020,$1744.00,
4/21/2020,$1720.60,
4/22/2020,$1771.10,
4/23/2020,$1778.20,
4/24/2020,$1768.40,
4/27/2020,$1756.60,
4/28/2020,$1755.00,
4/29/2020,$1746.20,
4/30/2020,$1727.00,
5/1/2020,$1733.70,
5/4/2020,$1746.10,
5/5/2020,$1743.40,
5/6/2020,$1721.30,
5/7/2020,$1758.60,
5/8/2020,$1746.70,
5/11/2020,$1730.80,
5/12/2020,$1739.60,
5/13/2020,$1749.20,
5/14/2020,$1773.70,
5/15/2020,$1789.10,
5/18/2020,$1767.20,
5/19/2020,$1778.40,
5/20/2020,$1784.90,
5/21/2020,$1754.70,
5/22/2020,$1768.30,
5/25/2020,$1768.30,
5/26/2020,$1738.40,
5/27/2020,$1743.50,
5/28/2020,$1746.10,
5/29/2020,$1769.70,
6/1/2020,$1770.60,
6/2/2020,$1754.30,
6/3/2020,$1725.10,
6/4/2020,$1747.70,
6/5/2020,$1703.30,
6/8/2020,$1725.40,
6/9/2020,$1742.20,
6/10/2020,$1741.00,
6/11/2020,$1760.10,
6/12/2020,$1757.60,
6/15/2020,$1747.50,
6/16/2020,$1756.80,
6/17/2020,$1755.90,
6/18/2020,$1751.40,
6/19/2020,$1773.30,
6/22/2020,$1786.70,
6/23/2020,$1802.30,
6/24/2020,$1795.40,
6/25/2020,$1790.90,
6/26/2020,$1800.60,
6/29/2020,$1801.50,
6/30/2020,$1820.80,
7/1/2020,$1800.20,
7/2/2020,$1810.30,
7/3/2020,$1810.30,
7/6/2020,$1813.80,
7/7/2020,$1830.20,
7/8/2020,$1840.90,
7/9/2020,$1824.10,
7/10/2020,$1822.20,
7/13/2020,$1834.40,
7/14/2020,$1833.70,
7/15/2020,$1834.10,
7/16/2020,$1820.60,
7/17/2020,$1830.30,
7/20/2020,$1837.70,
7/21/2020,$1864.20,
7/22/2020,$1885.40,
7/23/2020,$1910.30,
7/24/2020,$1917.80,
7/27/2020,$1951.30,
7/28/2020,$1964.90,
7/29/2020,$1973.70,
7/30/2020,$1962.60,
7/31/2020,$1983.10,
8/3/2020,$1986.30,
8/4/2020,$2021.00,
8/5/2020,$2049.30,
8/6/2020,$2069.40,
8/7/2020,$2028.00,
8/10/2020,$2039.70,
8/11/2020,$1946.30,
8/12/2020,$1949.00,
8/13/2020,$1970.40,
8/14/2020,$1949.80,
8/17/2020,$1998.70,
8/18/2020,$2013.10,
8/19/2020,$1970.30,
8/20/2020,$1946.50,
8/21/2020,$1947.00,
8/24/2020,$1939.20,
8/25/2020,$1923.10,
8/26/2020,$1952.50,
8/27/2020,$1932.60,
8/28/2020,$1974.90,
8/31/2020,$1978.60,
9/1/2020,$1978.90,
9/2/2020,$1944.70,
9/3/2020,$1937.80,
9/4/2020,$1934.30,
9/7/2020,$1934.30,
9/8/2020,$1943.20,
9/9/2020,$1954.90,
9/10/2020,$1964.30,
9/11/2020,$1947.90,
9/14/2020,$1963.70,
9/15/2020,$1966.20,
9/16/2020,$1970.50,
9/17/2020,$1949.90,
9/18/2020,$1962.10,
9/21/2020,$1910.60,
9/22/2020,$1907.60,
9/23/2020,$1868.40,
9/24/2020,$1876.90,
9/25/2020,$1866.30,
9/28/2020,$1882.30,
9/29/2020,$1903.20,
9/30/2020,$1895.50,
10/1/2020,$1916.30,
10/2/2020,$1907.60,
10/5/2020,$1920.10,
10/6/2020,$1908.80,
10/7/2020,$1890.80,
10/8/2020,$1895.10,
10/9/2020,$1926.20,
10/12/2020,$1928.90,
10/13/2020,$1894.60,
10/14/2020,$1907.30,
10/15/2020,$1908.90,
10/16/2020,$1906.40,
10/19/2020,$1911.70,
10/20/2020,$1915.40,
10/21/2020,$1929.50,
10/22/2020,$1904.60,
10/23/2020,$1905.20,
10/26/2020,$1905.70,
10/27/2020,$1911.90,
10/28/2020,$1879.20,
10/29/2020,$1868.00,
10/30/2020,$1879.90,
11/2/2020,$1892.50,
11/3/2020,$1910.40,
11/4/2020,$1896.20,
11/5/2020,$1946.80,
11/6/2020,$1951.70,
11/9/2020,$1854.40,
11/10/2020,$1876.40,
11/11/2020,$1861.60,
11/12/2020,$1873.30,
11/13/2020,$1886.20,
11/16/2020,$1887.80,
11/17/2020,$1885.10,
11/18/2020,$1873.90,
11/19/2020,$1861.50,
11/20/2020,$1872.40,
11/23/2020,$1837.80,
11/24/2020,$1804.60,
11/25/2020,$1805.50,
11/26/2020,$1805.50,
11/27/2020,$1781.90,
11/30/2020,$1775.70,
12/1/2020,$1814.10,
12/2/2020,$1830.20,
12/3/2020,$1841.10,
12/4/2020,$1840.00,
12/7/2020,$1866.00,
12/8/2020,$1874.90,
12/9/2020,$1838.50,
12/10/2020,$1837.40,
12/11/2020,$1843.60,
12/14/2020,$1832.10,
12/15/2020,$1855.30,
12/16/2020,$1859.10,
12/17/2020,$1890.40,
12/18/2020,$1888.90,
12/21/2020,$1882.80,
12/22/2020,$1870.30,
12/23/2020,$1878.10,
12/24/2020,$1883.20,
12/25/2020,$1883.20,
12/28/2020,$1880.40,
12/29/2020,$1882.90,
12/30/2020,$1893.40,
12/31/2020,$1895.10,
1/1/2021,$1895.10,
1/4/2021,$1946.60,
1/5/2021,$1954.40,
1/6/2021,$1908.60,
1/7/2021,$1913.60,
1/8/2021,$1835.40,
1/11/2021,$1850.80,
1/12/2021,$1844.20,
1/13/2021,$1854.90,
1/14/2021,$1851.40,
1/15/2021,$1829.90,
1/18/2021,$1829.90,
1/19/2021,$1840.20,
1/20/2021,$1866.50,
1/21/2021,$1865.90,
1/22/2021,$1856.20,
1/25/2021,$1855.20,
1/26/2021,$1850.90,
1/27/2021,$1844.90,
1/28/2021,$1837.90,
1/29/2021,$1847.30,
2/1/2021,$1863.90,
2/2/2021,$1833.40,
2/3/2021,$1835.10,
2/4/2021,$1791.20,
2/5/2021,$1813.00,
2/8/2021,$1834.20,
2/9/2021,$1837.50,
2/10/2021,$1842.70,
2/11/2021,$1826.80,
2/12/2021,$1823.20,
2/15/2021,$1823.20,
2/16/2021,$1799.00,
2/17/2021,$1772.80,
2/18/2021,$1775.00,
2/19/2021,$1777.40,
2/22/2021,$1808.40,
2/23/2021,$1805.90,
2/24/2021,$1797.90,
2/25/2021,$1775.40,
2/26/2021,$1728.80,
3/1/2021,$1723.00,
3/2/2021,$1733.60,
3/3/2021,$1715.80,
3/4/2021,$1700.70,
3/5/2021,$1698.50,
3/8/2021,$1678.00,
3/9/2021,$1716.90,
3/10/2021,$1721.80,
3/11/2021,$1722.60,
3/12/2021,$1719.80,
3/15/2021,$1729.20,
3/16/2021,$1730.90,
3/17/2021,$1727.10,
3/18/2021,$1732.50,
3/19/2021,$1741.70,
3/22/2021,$1738.10,
3/23/2021,$1725.10,
3/24/2021,$1733.20,
3/25/2021,$1725.10,
3/26/2021,$1732.30,
3/29/2021,$1712.20,
3/30/2021,$1683.90,
3/31/2021,$1713.80,
4/1/2021,$1728.40,
4/2/2021,$1728.40,
4/5/2021,$1728.80,
4/6/2021,$1743.00,
4/7/2021,$1741.60,
4/8/2021,$1758.20,
4/9/2021,$1744.80,
4/12/2021,$1732.70,
4/13/2021,$1747.60,
4/14/2021,$1736.30,
4/15/2021,$1766.80,
4/16/2021,$1780.20,
4/19/2021,$1770.60,
4/20/2021,$1778.40,
4/21/2021,$1793.10,
4/22/2021,$1782.00,
4/23/2021,$1777.80,
4/26/2021,$1780.10,
4/27/2021,$1778.80,
4/28/2021,$1773.90,
4/29/2021,$1768.30,
4/30/2021,$1767.70,
5/3/2021,$1791.80,
5/4/2021,$1776.00,
5/5/2021,$1784.30,
5/6/2021,$1815.70,
5/7/2021,$1831.30,
5/10/2021,$1837.60,
5/11/2021,$1836.10,
5/12/2021,$1822.80,
5/13/2021,$1824.00,
5/14/2021,$1838.10,
5/17/2021,$1867.60,
5/18/2021,$1868.00,
5/19/2021,$1881.50,
5/20/2021,$1881.90,
5/21/2021,$1876.70,
5/24/2021,$1884.50,
5/25/2021,$1898.00,
5/26/2021,$1901.20,
5/27/2021,$1895.70,
5/28/2021,$1902.50,
5/31/2021,$1902.50,
6/1/2021,$1905.00,
6/2/2021,$1909.90,
6/3/2021,$1873.30,
6/4/2021,$1892.00,
6/7/2021,$1898.80,
6/8/2021,$1894.40,
6/9/2021,$1895.50,
6/10/2021,$1896.40,
6/11/2021,$1879.60,
6/14/2021,$1865.90,
6/15/2021,$1856.40,
6/16/2021,$1861.40,
6/17/2021,$1774.80,
6/18/2021,$1769.00,
6/21/2021,$1782.90,
6/22/2021,$1777.40,
6/23/2021,$1783.40,
6/24/2021,$1776.70,
6/25/2021,$1777.80,
6/28/2021,$1780.70,
6/29/2021,$1763.60,
6/30/2021,$1771.60,
7/1/2021,$1776.80,
7/2/2021,$1783.30,
7/5/2021,$1783.30,
7/6/2021,$1794.20,
7/7/2021,$1802.10,
7/8/2021,$1800.20,
7/9/2021,$1810.60,
7/12/2021,$1805.90,
7/13/2021,$1809.90,
7/14/2021,$1825.00,
7/15/2021,$1829.00,
7/16/2021,$1815.00,
7/19/2021,$1809.20,
7/20/2021,$1811.40,
7/21/2021,$1803.40,
7/22/2021,$1805.40,
7/23/2021,$1801.80,
7/26/2021,$1799.20,
7/27/2021,$1799.80,
7/28/2021,$1799.70,
7/29/2021,$1831.20,
7/30/2021,$1812.60,
8/2/2021,$1822.20,
8/3/2021,$1814.10,
8/4/2021,$1814.50,
8/5/2021,$1808.90,
8/6/2021,$1763.10,
8/9/2021,$1726.50,
8/10/2021,$1731.70,
8/11/2021,$1753.30,
8/12/2021,$1751.80,
8/13/2021,$1778.20,
8/16/2021,$1789.80,
8/17/2021,$1787.80,
8/18/2021,$1784.40,
8/19/2021,$1783.10,
8/20/2021,$1784.00,
8/23/2021,$1806.30,
8/24/2021,$1808.50,
8/25/2021,$1791.00,
8/26/2021,$1795.20,
8/27/2021,$1819.50,
8/30/2021,$1812.20,
8/31/2021,$1818.10,
9/1/2021,$1816.00,
9/2/2021,$1811.50,
9/3/2021,$1833.70,
9/6/2021,$1833.70,
9/7/2021,$1798.50,
9/8/2021,$1793.50,
9/9/2021,$1800.00,
9/10/2021,$1792.10,
9/13/2021,$1794.40,
9/14/2021,$1807.10,
9/15/2021,$1794.80,
9/16/2021,$1756.70,
9/17/2021,$1751.40,
9/20/2021,$1763.80,
9/21/2021,$1778.20,
9/22/2021,$1778.80,
9/23/2021,$1749.80,
9/24/2021,$1751.70,
9/27/2021,$1752.00,
9/28/2021,$1737.50,
9/29/2021,$1722.90,
9/30/2021,$1757.00,
10/1/2021,$1758.40,
10/4/2021,$1767.60,
10/5/2021,$1760.90,
10/6/2021,$1761.80,
10/7/2021,$1759.20,
10/8/2021,$1757.40,
10/11/2021,$1755.70,
10/12/2021,$1759.30,
10/13/2021,$1794.70,
10/14/2021,$1797.90,
10/15/2021,$1768.30,
10/18/2021,$1765.70,
10/19/2021,$1770.50,
10/20/2021,$1784.90,
10/21/2021,$1781.90,
10/22/2021,$1796.30,
10/25/2021,$1806.80,
10/26/2021,$1793.40,
10/27/2021,$1798.80,
10/28/2021,$1802.60,
10/29/2021,$1783.90,
11/1/2021,$1795.80,
11/2/2021,$1789.40,
11/3/2021,$1763.90,
11/4/2021,$1793.50,
11/5/2021,$1816.80,
11/8/2021,$1828.00,
11/9/2021,$1830.80,
11/10/2021,$1848.30,
11/11/2021,$1863.90,
11/12/2021,$1868.50,
11/15/2021,$1866.60,
11/16/2021,$1854.10,
11/17/2021,$1870.20,
11/18/2021,$1861.40,
11/19/2021,$1851.60,
11/22/2021,$1806.30,
11/23/2021,$1783.80,
11/24/2021,$1784.30,
11/25/2021,$1784.30,
11/26/2021,$1785.50,
11/29/2021,$1782.30,
11/30/2021,$1773.60,
12/1/2021,$1781.60,
12/2/2021,$1762.70,
12/3/2021,$1783.90,
12/6/2021,$1779.50,
12/7/2021,$1784.70,
12/8/2021,$1785.50,
12/9/2021,$1776.70,
12/10/2021,$1784.80,
12/13/2021,$1788.30,
12/14/2021,$1772.30,
12/15/2021,$1764.50,
12/16/2021,$1798.20,
12/17/2021,$1804.90,
12/20/2021,$1794.60,
12/21/2021,$1788.70,
12/22/2021,$1802.20,
12/23/2021,$1811.70,
12/24/2021,$1811.70,
12/27/2021,$1808.80,
12/28/2021,$1810.90,
12/29/2021,$1805.80,
12/30/2021,$1814.10,
12/31/2021,$1828.60,
1/3/2022,$1800.10,
1/4/2022,$1814.60,
1/5/2022,$1825.10,
1/6/2022,$1789.20,
1/7/2022,$1797.40,
1/10/2022,$1798.80,
1/11/2022,$1818.50,
1/12/2022,$1827.30,
1/13/2022,$1821.40,
1/14/2022,$1816.50,
1/17/2022,$1816.50,
1/18/2022,$1812.40,
1/19/2022,$1843.20,
1/20/2022,$1842.60,
1/21/2022,$1831.80,
1/24/2022,$1841.70,
1/25/2022,$1852.50,
1/26/2022,$1829.70,
1/27/2022,$1793.10,
1/28/2022,$1784.90,
1/31/2022,$1796.40,
2/1/2022,$1801.50,
2/2/2022,$1810.30,
2/3/2022,$1804.10,
2/4/2022,$1807.80,
2/7/2022,$1821.80,
2/8/2022,$1827.90,
2/9/2022,$1836.60,
2/10/2022,$1837.40,
2/11/2022,$1842.10,
2/14/2022,$1869.40,
2/15/2022,$1856.20,
2/16/2022,$1871.50,
2/17/2022,$1902.00,
2/18/2022,$1899.80,
2/21/2022,$1899.80,
2/22/2022,$1907.40,
2/23/2022,$1910.40,
2/24/2022,$1926.30,
2/25/2022,$1887.60,
2/28/2022,$1900.70,
3/1/2022,$1943.80,
3/2/2022,$1922.30,
3/3/2022,$1935.90,
3/4/2022,$1966.60,
3/7/2022,$1995.90,
3/8/2022,$2043.30,
3/9/2022,$1988.20,
3/10/2022,$2000.40,
3/11/2022,$1985.00,
3/14/2022,$1960.80,
3/15/2022,$1929.70,
3/16/2022,$1909.20,
3/17/2022,$1943.20,
3/18/2022,$1929.30,
3/21/2022,$1929.50,
3/22/2022,$1921.50,
3/23/2022,$1937.30,
3/24/2022,$1962.20,
3/25/2022,$1954.20,
3/28/2022,$1939.80,
3/29/2022,$1912.20,
3/30/2022,$1933.50,
3/31/2022,$1949.20,
4/1/2022,$1923.70,
4/4/2022,$1934.00,
4/5/2022,$1927.50,
4/6/2022,$1923.10,
4/7/2022,$1937.80,
4/8/2022,$1945.60,
4/11/2022,$1948.20,
4/12/2022,$1976.10,
4/13/2022,$1984.70,
4/14/2022,$1974.90,
4/15/2022,$1974.90,
4/18/2022,$1986.40,
4/19/2022,$1959.00,
4/20/2022,$1955.60,
4/21/2022,$1948.20,
4/22/2022,$1934.30,
4/25/2022,$1896.00,
4/26/2022,$1904.10,
4/27/2022,$1888.70,
4/28/2022,$1891.30,
4/29/2022,$1911.70,
5/2/2022,$1863.60,
5/3/2022,$1870.60,
5/4/2022,$1868.80,
5/5/2022,$1875.70,
5/6/2022,$1882.80,
5/9/2022,$1858.60,
5/10/2022,$1841.00,
5/11/2022,$1853.70,
5/12/2022,$1824.60,
5/13/2022,$1808.20,
5/16/2022,$1814.00,
5/17/2022,$1818.90,
5/18/2022,$1815.90,
5/19/2022,$1841.20,
5/20/2022,$1842.10,
5/23/2022,$1847.80,
5/24/2022,$1865.40,
5/25/2022,$1846.30,
5/26/2022,$1847.60,
5/27/2022,$1851.30,
5/30/2022,$1851.30,
5/31/2022,$1842.70,
6/1/2022,$1848.70,
6/2/2022,$1871.40,
6/3/2022,$1850.20,
6/6/2022,$1843.70,
6/7/2022,$1852.10,
6/8/2022,$1856.50,
6/9/2022,$1852.80,
6/10/2022,$1875.50,
6/13/2022,$1831.80,
6/14/2022,$1813.50,
6/15/2022,$1819.60,
6/16/2022,$1849.90,
6/17/2022,$1840.60,
6/20/2022,$1840.60,
6/21/2022,$1838.80,
6/22/2022,$1838.40,
6/23/2022,$1829.80,
6/24/2022,$1830.30,
6/27/2022,$1824.80,
6/28/2022,$1821.20,
6/29/2022,$1817.50,
6/30/2022,$1807.30,
7/1/2022,$1801.50,
7/4/2022,$1801.50,
7/5/2022,$1763.90,
7/6/2022,$1736.50,
7/7/2022,$1739.70,
7/8/2022,$1742.30,
7/11/2022,$1731.70,
7/12/2022,$1724.80,
7/13/2022,$1735.50,
7/14/2022,$1705.80,
7/15/2022,$1703.60,
7/18/2022,$1710.20,
7/19/2022,$1710.70,
7/20/2022,$1700.20,
7/21/2022,$1713.40,
7/22/2022,$1727.40,
7/25/2022,$1719.10,
7/26/2022,$1717.70,
7/27/2022,$1719.10,
7/28/2022,$1750.30,
7/29/2022,$1762.90,
8/1/2022,$1787.70,
8/2/2022,$1789.70,
8/3/2022,$1776.40,
8/4/2022,$1806.90,
8/5/2022,$1791.20,
8/8/2022,$1805.20,
8/9/2022,$1812.30,
8/10/2022,$1813.70,
8/11/2022,$1807.20,
8/12/2022,$1815.50,
8/15/2022,$1798.10,
8/16/2022,$1789.70,
8/17/2022,$1776.70,
8/18/2022,$1771.20,
8/19/2022,$1762.90,
8/22/2022,$1748.40,
8/23/2022,$1761.20,
8/24/2022,$1761.50,
8/25/2022,$1771.40,
8/26/2022,$1749.80,
8/29/2022,$1749.70,
8/30/2022,$1736.30,
8/31/2022,$1726.20,
9/1/2022,$1709.30,
9/2/2022,$1722.60,
9/5/2022,$1722.60,
9/6/2022,$1712.90,
9/7/2022,$1727.80,
9/8/2022,$1720.20,
9/9/2022,$1728.60,
9/12/2022,$1740.60,
9/13/2022,$1717.40,
9/14/2022,$1709.10,
9/15/2022,$1677.30,
9/16/2022,$1683.50,
9/19/2022,$1678.20,
9/20/2022,$1671.10,
9/21/2022,$1675.70,
9/22/2022,$1681.10,
9/23/2022,$1655.60,
9/26/2022,$1633.40,
9/27/2022,$1636.20,
9/28/2022,$1670.00,
9/29/2022,$1668.60,
9/30/2022,$1672.00,
10/3/2022,$1702.00,
10/4/2022,$1730.50,
10/5/2022,$1720.80,
10/6/2022,$1720.80,
10/7/2022,$1709.30,
10/10/2022,$1675.20,
10/11/2022,$1686.00,
10/12/2022,$1677.50,
10/13/2022,$1677.00,
10/14/2022,$1648.90,
10/17/2022,$1664.00,
10/18/2022,$1655.80,
10/19/2022,$1634.20,
10/20/2022,$1636.80,
10/21/2022,$1656.30,
10/24/2022,$1654.10,
10/25/2022,$1658.00,
10/26/2022,$1669.20,
10/27/2022,$1665.60,
10/28/2022,$1644.80,
10/31/2022,$1640.70,
11/1/2022,$1649.70,
11/2/2022,$1650.00,
11/3/2022,$1630.90,
11/4/2022,$1676.60,
11/7/2022,$1680.50,
11/8/2022,$1716.00,
11/9/2022,$1713.70,
11/10/2022,$1753.70,
11/11/2022,$1769.40,
11/14/2022,$1776.90,
11/15/2022,$1776.80,
11/16/2022,$1775.80,
11/17/2022,$1763.00,
11/18/2022,$1754.40,
11/21/2022,$1739.60,
11/22/2022,$1739.90,
11/23/2022,$1745.60,
11/24/2022,$1745.60,
11/25/2022,$1754.00,
11/28/2022,$1740.30,
11/29/2022,$1748.40,
11/30/2022,$1746.00,
12/1/2022,$1801.10,
12/2/2022,$1809.60,
12/5/2022,$1781.30,
12/6/2022,$1782.40,
12/7/2022,$1798.00,
12/8/2022,$1801.50,
12/9/2022,$1810.70,
12/12/2022,$1792.30,
12/13/2022,$1825.50,
12/14/2022,$1818.70,
12/15/2022,$1787.80,
12/16/2022,$1800.20,
12/19/2022,$1797.70,
12/20/2022,$1825.40,
12/21/2022,$1825.40,
12/22/2022,$1795.30,
12/23/2022,$1804.20,
12/26/2022,$1804.20,
12/27/2022,$1823.10,
12/28/2022,$1815.80,
12/29/2022,$1826.00,
12/30/2022,$1826.20,
1/2/2023,$1826.20,
1/3/2023,$1846.10,
1/4/2023,$1859.00,
1/5/2023,$1840.60,
1/6/2023,$1869.70,
1/9/2023,$1877.80,
1/10/2023,$1876.50,
1/11/2023,$1878.90,
1/12/2023,$1898.80,
1/13/2023,$1921.70,
1/16/2023,$1921.70,
1/17/2023,$1909.90,
1/18/2023,$1907.00,
1/19/2023,$1923.90,
1/20/2023,$1928.20,
1/23/2023,$1928.60,
1/24/2023,$1935.40,
1/25/2023,$1942.60,
1/26/2023,$1930.00,
1/27/2023,$1929.40,
1/30/2023,$1922.90,
1/31/2023,$1929.50,
2/1/2023,$1927.80,
2/2/2023,$1916.30,
2/3/2023,$1862.90,
2/6/2023,$1866.20,
2/7/2023,$1871.70,
2/8/2023,$1877.40,
2/9/2023,$1866.20,
2/10/2023,$1862.80,
2/13/2023,$1851.90,
2/14/2023,$1854.00,
2/15/2023,$1834.20,
2/16/2023,$1842.00,
2/17/2023,$1840.40,
2/20/2023,$1840.40,
2/21/2023,$1833.00,
2/22/2023,$1832.00,
2/23/2023,$1818.00,
2/24/2023,$1808.80,
2/27/2023,$1808.80,
3/3/2023,$1854.60,
3/6/2023,$1854.60,
3/7/2023,$1820.00,
3/8/2023,$1818.60,
3/9/2023,$1834.60,
3/10/2023,$1867.20,
3/13/2023,$1916.50,
3/14/2023,$1910.90,
3/15/2023,$1931.30,
3/16/2023,$1923.00,
3/17/2023,$1973.50,
3/20/2023,$1982.80,
3/21/2023,$1941.10,
3/22/2023,$1949.60,
3/23/2023,$1995.90,
3/24/2023,$1983.80,
3/27/2023,$1953.80,
3/28/2023,$1973.50,
3/29/2023,$1966.90,
3/30/2023,$1980.30,
