Date,Open,High,Low,Close,Volume,Market Cap
Nov-10-2021,66929.4511216068,68769.95536854053,63347.5012,64871.25216133435,82515809848.88889,1261663607351.0745
Nov-11-2021,64933.599774562026,65579.54906232544,64198.97340220052,64800.36101601352,100838867968,1224666570146.1018
Nov-12-2021,64774.2645010658,65379.9618,62434.00795821887,64315.36363608923,71878085660.44444,1210870198644.8486
Nov-13-2021,64173.738741554094,64849.96493727608,63412.85980752298,64471.04361778848,65339468068.57143,1208320622447.2634
Nov-14-2021,64385.1823,65255.04686152799,63622.5547,65255.04686152799,59249840056.64111,1216469725526.5378
Nov-15-2021,65499.742006672335,66263.20558395793,63539.59326805828,63715.76977568518,92914188431.21678,1228575749681.0222
Nov-16-2021,63609.9984,63609.9984,58904.4092,60189.9985,103183520369.77777,1147284421893.6094
Nov-17-2021,60110.70413490989,60733.9861,58758.3434,60338.9249,96569006904.88889,1129909400493.669
Nov-18-2021,60347.5863,60862.7211,56542.1638,56749.2716,86652421148.44444,1113747141785.6326
Nov-19-2021,56959.90006641718,58289.3682,55653.0576,58046.889146434674,98574108785.77777,1079380838316.2904
Nov-20-2021,58068.74519656945,59815.37361026729,57486.3794,59815.37361026729,61671238556.44444,1107213020711.4424
Nov-21-2021,59669.73597624479,59845.0003351791,58544.94992558603,58681.09230984937,54396801621.333336,1116084489219.4612
Nov-22-2021,58711.913369104186,59060.9948,55688.9573,56369.5245,64891116995.132866,1082425278046.925
Nov-23-2021,56257.89895787447,57831.81669667565,55778.0377576763,57672.52894264075,80273621447.11111,1074357246909.3882
Nov-24-2021,57531.14976857376,57693.8412,55970.38654281419,57103.4606,92075052088.88889,1071282953938.9487
Nov-25-2021,57193.1442,59332.884,57011.14864912526,58907.050757878096,85144802119.11111,1099471586191.521
Nov-26-2021,58913.59806474905,59120.010546789614,53660.19376229783,53663.60159320845,90868399886.22223,1051040419402.7274
Nov-27-2021,53559.31317828634,55203.72320040463,53559.31317828634,54487.450221164974,85681165966.22223,1031832646506.476
Nov-28-2021,54819.26739183301,57315.01653596297,53629.7311,57158.66834037815,72397988451.55556,1030718873999.6995
Nov-29-2021,57213.04314393833,58774.7867,56795.1008,57876.49423835674,104328491548.44444,1086833411519.1975
Nov-30-2021,57767.63040979108,58994.785,56059.045,57030.12565284342,111719410744.88889,1082408766734.0312
Dec-01-2021,56970.00719815786,58958.8099,56546.995566990525,57173.0795,127630261276.44444,1083292316966.7587
Dec-02-2021,57190.9823,57347.72285172319,55902.37062622721,56405.66892064036,133521653731.55556,1070203438582.3296
Dec-03-2021,56489.30065875455,57369.39984581016,52673.8928848244,53708.6772,114935573504,1054805699201.3259
Dec-04-2021,53548.269,53793.5408,44648.3469,49014.11287550163,166195006606.22223,925178880076.1423
Dec-05-2021,49220.04600059723,49633.87158167943,47780.4392,49217.9124,136894367744,926804760642.7875
Dec-06-2021,49368.4935,50868.2329101133,47227.30325821477,50453.04698120852,165375344014.22223,921705766952.583
Dec-07-2021,50520.54442016945,51898.3728,50164.918394520326,50559.947613629454,150922018929.77777,962760996130.9595
Dec-08-2021,50588.98583496979,51040.02507143525,48716.6321,50471.21695775764,128105784092.44444,949930410100.5087
Dec-09-2021,50460.03847818191,50743.73753230262,47382.0995,47834.99429351777,135905608860.44444,926809191291.6755
Dec-10-2021,47639.0447447972,49937.6627764127,47092.3307,47092.3307,98359015374.04878,911452189464.6232
Dec-11-2021,47130.0125,49450.048176923,46987.9646,49286.3666307345,63290674631.111115,915574764208.5878
Dec-12-2021,49286.48758759578,50649.516258579046,48722.10314032189,50116.99176196779,46747982705.77778,936560918368.4921
Dec-13-2021,50071.27790345943,50165.28865656697,45948.4917,46745.6254,54139662683.36396,911084204454.5166
Dec-14-2021,46727.9998,48557.38323945045,46390.6713,48395.29567064738,67494313141.96516,891798583849.6898
Dec-15-2021,48356.78932068627,49462.2245210422,46663.5122,48787.2417,61369380949.333336,909423386548.5455
Dec-16-2021,48858.9746,49286.25027501853,47550.3447,47709.1644,70100915925.33333,918209245783.9861
Dec-17-2021,47646.9818,47963.7901,45732.72929005191,46305.32715138494,57135221176.888885,889687060026.4575
Dec-18-2021,46163.40330431097,47244.37901098458,45609.08243460973,46871.01844345239,58797940995.60564,881039954959.2925
Dec-19-2021,46778.23820480175,47999.99978779965,46455.29838513008,46686.4963,44667184937.17483,891953778428.7651
Dec-20-2021,46706.435661563206,47307.35553006055,45617.23022554078,46878.42809013247,51058403683.55556,877638144421.869
Dec-21-2021,46911.81315992155,49263.33218287721,46656.15834010291,48938.9095,62230469987.55556,915084553732.1669
Dec-22-2021,48903.6213,49527.31385732582,48452.858481111456,48648.506046031885,52735526286.22222,925874599957.123
Dec-23-2021,48593.0256,51342.02275797173,48084.81645245799,50795.70373249395,48359492622.22222,927934023644.0156
Dec-24-2021,50795.5980597068,51749.99795566682,50463.75057286352,50771.9277,54528629745.77778,964931428923.9963
Dec-25-2021,50768.743,51098.0328,50260.1839,50629.9812440385,42058927196.44444,961121295103.3876
Dec-26-2021,50390.389286298894,51209.46271806946,49545.5320971557,50799.97886066186,42671826325.333336,948264959665.5714
Dec-27-2021,50787.26383023923,51950.9126,50459.26364081736,50650.17144492962,46958435299.55556,965586558289.3127
Dec-28-2021,50667.9883379262,50667.9883379262,47411.71723711724,47637.8884,59398212508.44444,924133638276.1862
Dec-29-2021,47547.8655,48112.02147184699,46272.66298055319,46408.30267099845,88269733930.66667,899887200649.7673
Dec-30-2021,46430.48122440896,47876.49183896358,46077.72227603683,47161.0092,122924810126.22223,890774200999.6896
Dec-31-2021,47139.359,48505.9997,45712.56659229362,46304.9495942002,78100267491.55556,894565347308.2029
Jan-01-2022,46198.20378111831,47840.31078521792,46198.20378111831,47544.4994,99413619768.88889,891181081068.5044
Jan-02-2022,47722.9397,47869.1107,46702.7539,47313.6322,74535852088.88889,893627342141.7856
Jan-03-2022,47311.9467,47514.360017753,45703.02807450364,46424.346,115996952163.55556,885723263175.9742
Jan-04-2022,46412.0796,47493.9931,45705.038988184206,45884.4596581148,74674146005.33333,878429374359.3759
Jan-05-2022,45850.5562607672,46991.0055,42500.0486,43529.7281,109144957240.88889,868515207994.2651
Jan-06-2022,43403.542,43733.3165,42596.1224,43119.06385915039,111270290375.11111,815464759259.0834
Jan-07-2022,43136.994447066165,43136.994447066165,41019.06564757173,41512.9242,88215244174.22223,794822609637.6288
Jan-08-2022,41543.1601,42298.4795,40642.1986,41752.9299959346,85660416753.77777,789225148271.778
Jan-09-2022,41686.15811206098,42687.53150591043,41375.0263,41880.90095265793,70389962012.44444,792884797916.2301
Jan-10-2022,41841.86351961653,42217.654,39782.07448064926,41786.2184,95449311303.11111,787404507138.4486
Jan-11-2022,41835.6622,43049.98235173686,41284.8914,42674.2972,74616303444.73868,798516202518.9921
Jan-12-2022,42710.8475,44168.1279,42470.150040559376,43900.027,54479088241.77778,817199869441.5336
Jan-13-2022,43888.844,44290.042286797296,42334.35468952263,42580.3303,50948501191.111115,821822974369.9554
Jan-14-2022,42549.959,43387.73825208463,41808.15115565882,43068.7265794597,62549530396.44444,808978928444.1011
Jan-15-2022,43061.11596275135,43728.01290481912,42642.32323118763,43145.3076303167,62347797020.44444,816280344976.7772
Jan-16-2022,43099.979069314526,43421.9567,42609.7049,43104.67712592442,56378730624,815612565453.0259
Jan-17-2022,43072.25577567013,43120.07919555267,41583.01486731671,42199.0091087438,69711029248,805222595768.9954
Jan-18-2022,42229.527219054544,42582.4259,41329.6296,42352.1359,53607842417.77778,793765659206.7686
Jan-19-2022,42373.5257,42472.49706521905,41204.1748080978,41676.49877717717,53128314580.29269,793440774216.9891
Jan-20-2022,41697.059338602194,43443.98497110744,40630.03387498464,40673.94411547012,49528825059.55556,799069350717.9862
Jan-21-2022,40721.94741253595,41050.38990605082,35728.0153,36400.668,86773141888,732232020498.2672
Jan-22-2022,36452.3925,36690.31765209918,34299.962417269286,35015.93463281712,105799073362.34966,672308016424.7322
Jan-23-2022,35044.3339303827,36411.91505251562,34692.1279,36231.1426,81586496355.55556,670661229998.9396
Jan-24-2022,36245.2641,37205.164,33111.2351,36705.9179,75077380195.55556,664425424142.2739
Jan-25-2022,36637.1927,37434.6761,35719.348353297035,36948.63102657288,91347141963.81882,691210079787.7334
Jan-26-2022,36948.8393678863,38891.8252,36306.58597356258,36775.52950357352,63422975943.111115,709933063606.199
Jan-27-2022,36786.69371111005,37201.84234665862,35519.974,37201.84234665862,72166742215.11111,688422851103.9241
Jan-28-2022,37062.96442529766,37929.9448,36168.92719056018,37784.7229,57734635207.111115,701591357896.459
Jan-29-2022,37741.9284,38577.9963,37369.20977074827,38131.8236,43358998030.22222,716194744589.0009
Jan-30-2022,38161.92908978074,38287.7546,37412.24809842627,37937.339,34793417166.22222,718755992118.6948
Jan-31-2022,37913.2395,38669.2589,36692.1249715841,38472.00623585542,55549798961.77778,711351011645.0919
Feb-01-2022,38465.16237460108,39210.26202690652,38103.1383,38761.9683,56064105713.77778,730374447011.6777
Feb-02-2022,38699.1814,38809.5321,36705.01112012077,36835.9015,53890737621.333336,720655977540.7661
Feb-03-2022,36876.007,37100.84845035067,36319.96224566686,37027.78,48461561216,697161963180.9698
Feb-04-2022,37282.736,41653.56035863469,37045.65078264427,41653.56035863469,55437962574.22222,732289923801.3286
Feb-05-2022,41556.703347195806,41870.0706,41040.98195271414,41360.0538,78108918926.22223,786562949420.7373
Feb-06-2022,41426.2539,42487.83557744831,41247.1275,42388.07234245959,47310906872.888885,788074594407.9976
Feb-07-2022,42396.15324357634,44462.43280083962,41672.92920721241,43905.99797776678,55562600874.666664,816605884545.2775
Feb-08-2022,43837.65655746178,45404.65554733053,42712.32222275823,44082.39258092253,73991938261.33333,830883774189.3281
Feb-09-2022,44017.46576126489,44748.5419,43160.2133,44283.9142,68034018631.111115,832281102950.0829
Feb-10-2022,44376.4542,45648.6513,43255.49429872971,43524.3779183224,65554357845.333336,839930914682.1022
Feb-11-2022,43510.534084290666,43896.24430061291,42067.4742,42377.6527,86770612437.33333,818182947265.1716
Feb-12-2022,42374.9792,42963.415020755136,41791.9532,42126.3511,65888611477.333336,802248285937.4138
Feb-13-2022,42181.8713,42713.9205,41891.59299525225,42235.5136,39865657948.44444,802407091556.1803
Feb-14-2022,42046.3787,42770.060195249614,41661.351690037576,42594.94190251804,47232394516.65965,800465237037.5719
Feb-15-2022,42550.18171432489,44701.42103075893,42480.31932056438,44602.5315,58821263488,831732771858.3408
Feb-16-2022,44522.9589,44522.9589,43367.6442,43997.7116,51244306560.44599,833896616078.0549
Feb-17-2022,43874.0659,44101.5051,40214.02227116538,40491.0412,59257593216,808358041670.2672
Feb-18-2022,40528.1251,40924.0971643536,39629.33836495803,39976.235950323,67854684188.54356,765918052415.2015
Feb-19-2022,39991.1676160714,40427.211653972045,39652.0096,40112.559528975085,50941849784.888885,759529015275.4282
Feb-20-2022,40096.00167442559,40100.0429,38077.0408,38464.85279732303,39952153991.111115,734771306231.1194
Feb-21-2022,38362.69454413227,39402.35076505852,36922.0285,37003.15355791065,57203595477.333336,729866202965.1157
Feb-22-2022,37060.00781112458,38337.8251,36444.81826771701,38302.8439,81464065635.55556,709288617552.528
Feb-23-2022,38227.7774,39158.3401,37088.33877587311,37287.4863427188,108954655658.66667,724585419657.5099
Feb-24-2022,37216.40439314861,39132.7827,34408.5293276475,38296.16592688904,130682462236.44444,685030805141.1086
Feb-25-2022,38329.38683098384,39616.9516,38054.571129945725,39219.47675700127,85942038343.11111,736163298230.9417
Feb-26-2022,39226.46286783426,39970.48946056249,38606.4515,39033.5353,53525292771.55556,743680328774.1951
Feb-27-2022,39091.9507,39773.25673883173,37129.6564083069,37714.48388805459,46101678641.77778,734004325756.4647
Feb-28-2022,37703.77403924574,43716.57004880823,37513.31817267746,43181.1437,68880211740.44444,747149243496.1586
Mar-01-2022,43182.0054,44788.0749,42934.4426,44359.8712,92935896888.88889,827710306554.2479
Mar-02-2022,44404.9179,45173.58089764408,43387.8769,43938.47684298478,77745565525.33333,835633793463.6266
Mar-03-2022,43901.74614444535,44035.45903975157,41862.5181,42450.88343194115,66512987510.63415,818020318280.7225
Mar-04-2022,42465.00662501894,42498.51626063388,38732.82491549281,39120.04239886125,73188777466.61052,776819353264.1931
Mar-05-2022,39144.65308753057,39576.6006,38750.396892516255,39409.21246875248,59407483445.218636,742730898448.6298
Mar-06-2022,39399.035,39637.1481,38155.2867,38385.18524878165,40023234666.666664,740361513818.548
Mar-07-2022,38398.9354607035,39399.96846470857,37172.818131092376,37991.87947414978,61781654513.77778,725961264635.0005
Mar-08-2022,38021.16231415389,39333.7131,38021.16231415389,38724.82008947423,87695148501.33333,733186143516.7676
Mar-09-2022,38741.22397745815,42508.69721497177,38680.08467850055,41955.06531614912,81739633848.88889,788164037667.2638
Mar-10-2022,41950.43523594227,42002.187856196026,38770.03143066984,39461.35101564641,117700388864,751963347858.4833
Mar-11-2022,39427.62799071961,40118.9882868122,38291.8488,38770.045913321446,73106728689.77777,739416933555.1954
Mar-12-2022,38729.04138835053,39321.4025,38722.92220121242,38875.98604571685,56650400298.666664,742192664746.4995
Mar-13-2022,38803.98636664322,39220.9441,37670.38924291398,37824.35153256323,33924499228.444443,738309972282.5961
Mar-14-2022,37784.66665010009,39808.38172833617,37590.8815,39599.024365049096,47001002609.77778,735083105284.8849
Mar-15-2022,39669.01846865842,39805.3996145928,38230.9419,39302.01678630948,54149954759.111115,740438348991.7085
Mar-16-2022,39301.17955557872,41538.6006,38964.63681554416,41147.27988596017,74235084060.44444,763561055615.3599
Mar-17-2022,41115.36918284445,41306.80617462037,40600.029,40958.22516015476,68916952832,776343262406.2043
Mar-18-2022,40912.96043314478,42231.7199,40255.88646553978,41767.098165348754,53167419719.111115,777374367214.8342
Mar-19-2022,41752.50101772297,42357.0528,41585.9581249964,42166.22954211902,47396630065.77778,794482952303.178
Mar-20-2022,42207.510235466405,42279.9997,40980.51146492036,41252.05198823504,39440414008.888885,790398950958.88
Mar-21-2022,41219.86354366206,41498.26616840691,40534.251168005576,41051.83345848992,48679170659.55556,780302969090.3701
Mar-22-2022,41064.53842819355,43176.92782142878,40940.054736085134,42376.74421839415,66069747399.111115,805991263113.6401
Mar-23-2022,42362.02322597411,42925.97797981788,41810.05688969178,42925.97797981788,55434469875.51219,802216470987.2006
Mar-24-2022,42901.78798943004,44196.38125212146,42726.38466225451,43948.891125071685,58305154460.44444,822842858825.653
Mar-25-2022,43997.597867656674,45054.744,43775.9828,44365.18255014108,64975617208.888885,840819908970.9635
Mar-26-2022,44314.41581468901,44769.8851,44162.89066048274,44533.21741974338,52033351153.77778,843029009115.295
Mar-27-2022,44532.13385177648,46842.71955202185,44438.29618587621,46842.71955202185,38989618744.888885,853605708449.2284
Mar-28-2022,46824.60640989382,48129.973865901775,46711.00479416837,46888.22115087928,72557284890.75958,898470120345.8848
Mar-29-2022,47086.20128793807,47988.538290296194,47032.005031976056,47498.66565132898,64970232760.888885,903107803449.7139
Mar-30-2022,47442.24333087841,47686.71893745532,46698.33856143657,47100.45937112435,60347299811.55556,897335595157.7908
Mar-31-2022,47055.99305392695,47559.984547582986,45380.49370237586,45540.826387141926,64306786075.651566,886483715248.6073
Apr-01-2022,45520.19684145574,46608.67517888061,44376.97932825764,46231.00475940512,82428634329.64459,864912314319.1517
Apr-02-2022,46249.9684,47025.37805481739,45768.23515701247,45845.95756165472,68534723185.77778,882428839235.8777
Apr-03-2022,45793.52918787272,47331.9547,45556.13117665629,46430.696713233774,53182050972.44444,880120047929.8496
Apr-04-2022,46429.49649280854,46853.4882,45201.0687147846,46605.60296925792,75797947520,874912902658.6442
Apr-05-2022,46598.160049240505,47143.74184061342,45573.53741324558,45573.53741324558,107956835470.22223,880592114003.3939
Apr-06-2022,45479.969446432566,45479.969446432566,43138.51946866405,43138.51946866405,82230669554.62021,847920145405.8884
Apr-07-2022,43154.77453642844,43855.3637,42814.94819972843,43480.17472136096,75865888668.44444,825828787135.29
Apr-08-2022,43425.244093583824,43931.43943484246,42125.0692,42283.4292,66062123279.163765,822794031898.6425
Apr-09-2022,42251.5612,42788.71116404083,42173.73074843406,42788.71116404083,73792248078.22223,806884426772.8923
Apr-10-2022,42760.39587971569,43380.9446,41985.88315889976,42242.7841,43043982570.666664,812480645848.4877
Apr-11-2022,42149.9799,42396.2298,39356.5471,39456.93304169156,80332825508.89679,784059447109.9282
Apr-12-2022,39529.55041546196,40609.9682,39302.213338942594,40169.21512314615,80791296855.49367,759455472598.4504
Apr-13-2022,40074.96196733759,41377.56615658335,39608.70805860579,41160.0481,73354177156.47552,769181253554.6332
Apr-14-2022,41131.7362,41492.7993,39672.103268641134,39909.71686623459,111088440361.26007,773019068518.5208
Apr-15-2022,39933.888799896726,40596.1495,39837.744139263465,40558.127,62222356110.22222,764750253259.7134
Apr-16-2022,40554.4702,40645.81037104386,40005.0641,40386.5108,35562888234.666664,767846795179.5785
Apr-17-2022,40374.3856,40565.43547999705,39617.521,39678.0001,31897051043.555557,766257664501.561
Apr-18-2022,39695.5398,41023.07300521606,38723.5499,40826.6711,60921696974.22222,754101790795.4287
Apr-19-2022,40799.9436,41633.6102,40608.30249202884,41504.4185,70678190372.57143,780493478213.8535
Apr-20-2022,41493.8019,42130.14252492599,40954.56863452065,41363.50366362778,69240966368.78049,788247505332.2672
Apr-21-2022,41353.67675611718,42940.9,39951.301132489774,40528.7777,73691646478.22223,792867627807.1145
Apr-22-2022,40480.3508,40759.0684,39285.1652,39757.5541,81778114660.25175,763437909024.0104
Apr-23-2022,39715.1349,39929.32287307091,39348.95154624849,39419.5301,61949621809.77778,754477694660.1115
Apr-24-2022,39441.6583,39846.0109,39140.6639,39479.99697027191,39181600746.666664,753730386333.313
Apr-25-2022,39464.99826486009,40567.8904,38209.3961,40475.27521135543,58683004977.95122,746129993085.5939
Apr-26-2022,40420.005235221375,40704.663465816615,37768.6397871422,38026.746255595535,67555517226.666664,754629577383.1082
Apr-27-2022,38115.3023,39364.6236,38028.0629,39248.43928178208,73618715406.22223,738288778490.7262
Apr-28-2022,39235.7651,40306.95215533668,38935.6728,39749.9386,65834105863.16084,753560180406.2151
Apr-29-2022,39746.6764,39909.9063,38197.3721,38592.0044169865,67804116465.77778,743673916875.6494
Apr-30-2022,38600.0198503306,38767.5896,37653.4124271168,37660.452922140656,56363985095.111115,732444173875.6274
May-01-2022,37636.0214183511,38615.5987,37572.22979998869,38467.094,49695227037.820786,723843145851.6198
May-02-2022,38465.5131,39073.3888896401,38223.90525184344,38503.90959019409,65011354367.01158,736164254475.7926
May-03-2022,38509.9527675975,38641.79102021749,37542.86699176031,37732.2997523189,64576497095.111115,728004459988.9993
May-04-2022,37723.63988854195,39925.6099,37677.8972951729,39699.0339591762,57656679965.25714,738713445755.2025
May-05-2022,39690.0317,39793.9173,35756.46092648373,36568.7596,71671425773.2683,731324627995.9501
May-06-2022,36571.6072,36581.65967991304,35403.45740728784,36033.0634,84644729016.88889,688126748876.6162
May-07-2022,36019.5551,36121.83240619105,34857.2501,35552.564,52179098249.36585,682599940832.8097
May-08-2022,35478.5649,35496.13500451754,33828.1358,33933.54281002884,59930329173.333336,657631808942.3683
May-09-2022,34062.89399546784,34215.7391,30184.775687260437,30363.865616615807,77739876770.25352,621850069688.9314
May-10-2022,30106.4345631016,32574.539855068237,29853.414538436493,31024.7033,127314423495.11111,596373223036.4463
May-11-2022,31000.9768,32038.594344299054,28303.805558669173,28984.5358,103426550994.50871,582283878616.3818
May-12-2022,29044.2593,30133.2174,26812.8459,29130.0386,137849705984,543919496621.11694
May-13-2022,29012.3858,30990.356159510426,28784.978,29250.004,143425804515.55554,574594869134.2246
May-14-2022,29289.7779,30255.8115,28735.710173486277,30123.7756,66074598286.22222,559872002421.0912
May-15-2022,30076.9329,31390.4799,29512.2442,31333.765617069977,45280980437.333336,573617058982.2653
May-16-2022,31293.22238528581,31293.22238528581,29239.16079894688,29880.548164234533,55757204906.666664,570951550317.4952
May-17-2022,29833.05249547627,30731.7049,29532.7609,30452.624328329548,54496429838.22222,576731773060.6437
May-18-2022,30446.067278936705,30622.945355751872,28714.1184,28760.1539,66819677365.96516,563937579946.5153
May-19-2022,28696.6142,30496.06038912437,28696.6142,30376.331478606928,77876670965.25874,562865558972.1808
May-20-2022,30319.70836754256,30698.266042898525,28761.511408153645,29234.032909858925,64020598172.44444,567830871551.01
May-21-2022,29205.287516253396,29593.57411058412,28992.4553,29449.985559922392,48647341319.111115,558928566961.9489
May-22-2022,29445.062122180065,30426.8779609496,29246.77654664081,30366.04222096173,34792840362.666664,567574103618.3665
May-23-2022,30295.927741628228,30619.925588456168,28887.00372215652,29114.081131154417,49091907997.88153,573306612491.278
May-24-2022,29096.33018763284,29794.4733,28749.97892772603,29674.1123,61173457223.111115,558378843638.2286
May-25-2022,29654.5966,30201.4321,29382.542394489537,29557.533735644305,59054062151.111115,566957692688.2798
May-26-2022,29554.5432,29868.8204,28143.43486121561,29353.619262832577,67488629632,561112897767.9299
May-27-2022,29194.91,29357.66681488951,28291.035137326708,28606.47447261681,79709591395.55556,550545723746.2874
May-28-2022,28605.61108816132,29144.959374974995,28543.15570935087,29047.060268766745,52117457770.666664,550403459998.9204
May-29-2022,29031.307367141795,29530.422914976694,28855.5589,29445.7241,29084438122.666668,555225725632.1536
May-30-2022,29468.0772,31882.6501,29319.42997636936,31720.0295,50971087599.888115,583248423788.6276
May-31-2022,31734.2022,32298.417520862557,31242.241101424075,31852.83438318997,70227787192.88889,604248798473.6744
Jun-01-2022,31779.99955446586,31945.459415006106,29490.850881285507,29789.42113357093,64099978301.0807,592142241617.2382
Jun-02-2022,29795.17499385396,30614.120551257136,29628.060046270373,30441.46505023028,72164759239.11111,572595501230.2693
Jun-03-2022,30461.94853738794,30648.679796976165,29353.70494799074,29717.55804641601,53726854599.111115,571530787432.2441
Jun-04-2022,29705.77615194857,29927.82369537749,29475.2174,29840.075215941404,39962044160,566064779259.4678
Jun-05-2022,29847.32634215065,30162.09609162581,29591.635302773604,29909.210373336216,28084240917.333332,568276877179.0026
Jun-06-2022,29930.459302694697,31729.3968774588,29925.322686131614,31367.42259841491,49275600327.111115,595661299287.2072
Jun-07-2022,31380.1353,31545.8831,29266.125,31193.0692,68097897088,572155772444.8042
Jun-08-2022,31120.2203,31268.657819757023,29912.0293,30204.54858260606,75542208295.66197,580845333537.8842
Jun-09-2022,30212.851075047554,30639.960565416382,29982.06307272497,30111.70675013388,48748364379.621056,576733008890.2872
Jun-10-2022,30078.132330542816,30312.4407,28900.47871389285,29082.531950308585,52091153521.77778,565428800703.8185
Jun-11-2022,29095.18110472262,29425.9387,28170.8520155462,28399.9749,53289670456.888885,550475615516.2511
Jun-12-2022,28415.5422,28519.7408,26704.72935717625,26704.72935717625,60305080590.22222,527069614633.2744
Jun-13-2022,26599.661163385103,26863.63285767724,22070.9799,22509.0994,105249305349.37064,462314682932.5896
Jun-14-2022,22456.78080218805,22982.3322,20869.158518576125,22209.515,123594977869.24913,423267130396.7601
Jun-15-2022,22174.8006,22653.35755974927,20142.253613826317,22490.59072731445,90580280561.77777,407624997348.38824
Jun-16-2022,22579.09595314375,22943.3811422432,20252.0114,20383.6889,92380926151.80487,409049560826.44006
Jun-17-2022,20406.0243,21292.183,20267.28728020059,20468.2145,67973860679.111115,394848790059.14685
Jun-18-2022,20461.9237,20741.739095630324,17697.70249655679,19007.5031,61457061780.96167,369023241511.3683
Jun-19-2022,19010.4765,20706.3161,18022.46950501365,20554.9027,82744323328,368085789556.55396
Jun-20-2022,20580.038,20914.5884,19705.75385011288,20672.8011,63496474254.22222,387527639821.40533
Jun-21-2022,20577.5997,21647.0789,20401.5783,20739.94338571921,56244118427.461815,400486104262.8156
Jun-22-2022,20722.225852523035,20859.859037541417,19845.68434172375,19976.053591349224,52507160192,387629559078.7856
Jun-23-2022,19975.729925447067,21160.101480528872,19975.729925447067,21075.1688,50275136312.888885,391754411545.6918
Jun-24-2022,21097.6645,21461.36527971667,20764.6157,21279.532329177902,49938802076.44444,402565105296.2989
Jun-25-2022,21221.52690442072,21528.4212,20941.2133,21499.971037134244,45185609102.22222,405779943182.65765
Jun-26-2022,21504.60596690371,21836.73783767194,21001.37869884742,21029.2163,36017590144,407726053064.8783
Jun-27-2022,21036.933,21496.338,20647.67840914948,20732.9834,39899888824.888885,401731178345.50146
Jun-28-2022,20715.201372762695,21183.62153209416,20223.8036066242,20293.4508,42703964992,395180734750.90894
Jun-29-2022,20278.898,20389.37345581186,19907.769822893093,20101.12,45608149548.599304,384572998161.4384
Jun-30-2022,20117.9242,20145.9851,18703.15968589845,19816.746359929737,46778511125.333336,369357539206.57983
Jul-01-2022,19922.81904792033,20623.15226158292,19075.4632,19336.1044410867,63618849237.333336,373099100824.934
Jul-02-2022,19266.38852218806,19425.75551364793,19036.13150087182,19246.50948842687,39790523569.77778,367230819438.14075
Jul-03-2022,19249.34729889521,19567.1081,18973.251867430583,19310.0755,29227636337.77778,365991968153.1942
Jul-04-2022,19317.458,20296.167,19071.7771,20255.6454,33124206627.555557,372653433607.4901
Jul-05-2022,20219.6652,20687.75138226261,19354.56272326472,20185.96232827533,47991911817.84615,381901509024.66693
Jul-06-2022,20209.97546716581,20615.7438,19835.7004,20557.53554927252,52267397111.46264,385421461532.8397
Jul-07-2022,20562.573465552563,21801.0647,20279.6294,21647.165928409104,44030315825.77778,396814663327.1553
Jul-08-2022,21654.135499138163,22332.79351897018,21250.88435266647,21801.082205426865,70338781754.87108,415489591997.28784
Jul-09-2022,21594.395622244985,21951.0266,21424.16270326956,21592.741748203127,83660958023.11111,412806037389.1603
Jul-10-2022,21584.981658562705,21589.42303244173,20701.05219826735,20857.655837364564,54982980252.44444,403608460617.63544
Jul-11-2022,20849.271921637504,20849.271921637504,19930.490384877103,19992.2945670274,49043628074.666664,391019023393.65216
Jul-12-2022,19961.358397116197,20043.3868,19313.260763230774,19313.260763230774,48327162040.888885,377450556442.84753
Jul-13-2022,19330.0263,20223.0186,19001.01635110447,20187.1528,55545072384,374601942548.6022
Jul-14-2022,20241.3541,20748.38330233335,19659.5601076056,20587.5358,67129015438.22222,385428719518.82733
Jul-15-2022,20587.367,21161.5687287193,20406.85344948328,20831.31137190196,70225059640.19513,396977697387.6409
Jul-16-2022,20825.95712567454,21507.169268836857,20514.6608,21192.113672852756,67204086400,398560864419.21783
Jul-17-2022,21207.850954037367,21605.869305574124,20769.40225729633,20769.40225729633,63000171477.333336,405280805586.6238
Jul-18-2022,20787.37682154441,22688.716833031736,20787.37682154441,22440.036584128276,75819726179.55556,416830549514.3218
Jul-19-2022,22517.09549629813,23695.7738,21620.9054,23407.3451,104199588124.44444,430166512641.932
Jul-20-2022,23409.933,24237.7006,22966.7746,23244.5742,93750028123.87456,450053895443.8011
Jul-21-2022,23219.1382,23403.2821,22369.096919709784,23180.0875,91477466453.33333,438036787268.61707
Jul-22-2022,23153.3584,23679.194822511952,22559.0086,22701.085,86243476340.85017,441950488414.3236
Jul-23-2022,22683.3616,22971.2668,22000.690877293277,22471.31570306779,66410503533.2028,429970549238.5302
Jul-24-2022,22459.036285746173,22990.3936116732,22295.8444,22600.784714066285,64037183873.33798,432554845044.9377
Jul-25-2022,22583.915772423832,22620.95390299812,21340.4673,21340.4673,63096376192,419308316689.9288
Jul-26-2022,21317.184,21317.184,20737.035817202937,21206.715243842376,80699937495.86063,401724637843.7146
Jul-27-2022,21279.622352812028,22943.12042341547,21047.5454,22943.12042341547,74499287061.40767,413620711790.04
Jul-28-2022,22954.9980721542,24139.4757,22713.8719490485,23847.01344273555,95390300728.88889,445314132645.69946
Jul-29-2022,23852.00875970416,24298.65222309941,23452.4636,23746.2734,82637280583.11111,456242554881.8672
Jul-30-2022,23789.5514,24589.353570680123,23550.6775,23642.243234107824,78457212017.77777,459086809086.1007
Jul-31-2022,23635.63635852476,24167.151073084715,23258.2971,23314.4296,70552922680.88889,453330489667.0117
Aug-01-2022,23311.5556,23475.5943,22864.676618594687,23311.592835340976,63362851484.44444,443686399923.68054
Aug-02-2022,23281.93086710305,23423.380366916925,22683.0436,22963.82553778134,64458226289.77778,438874273552.16943
Aug-03-2022,22986.79764383069,23567.7332,22722.4086,22812.3048,61731132919.08014,442850015786.80255
Aug-04-2022,22817.335295209105,23200.519310198488,22449.9977,22635.52000440668,63618554424.888885,436671458582.9739
Aug-05-2022,22603.2293453377,23440.18660849424,22603.2293453377,23225.78974753206,129511878926.22223,440925915648.11
Aug-06-2022,23296.01435871449,23327.09846022301,22938.3603,22938.3603,46671867100.44444,443172289378.6202
Aug-07-2022,22941.6741,23371.0648,22864.3859,23170.70241754182,37227900821.333336,441070611370.9226
Aug-08-2022,23173.56449345656,24223.89166094395,23173.56449345656,23792.955,61125921052.44444,454755111561.97614
Aug-09-2022,23817.559,23892.834,22906.4602,23158.699095578173,70921624871.11111,448026726997.483
Aug-10-2022,23145.39408153974,24149.627130637666,22734.43795638149,23940.204499589338,75259928007.11111,447407095340.55133
Aug-11-2022,23956.83580403064,24838.0225842293,23872.7772,23928.9778,86265117553.77777,465824711793.6511
Aug-12-2022,23934.3906,24417.5757,23644.725901721,24395.938,74588843079.11111,458429489535.7914
Aug-13-2022,24399.2979,24879.86331487425,24334.20220840428,24427.973183996644,55096228622.22222,468930049868.2903
Aug-14-2022,24443.207718102647,24975.3551,24177.632914818463,24323.00216934842,45036090766.22222,468505617974.2065
Aug-15-2022,24300.94303970077,25136.0173,23804.7166,24146.6057,59267124807.111115,463905635630.02277
Aug-16-2022,24088.5357,24236.6282,23707.5439,23889.74606019501,59133679900.44444,458345123480.8346
Aug-17-2022,23858.86041940708,24416.598,23213.059028209314,23311.75914654047,55592942003.2892,453256684699.5942
Aug-18-2022,23338.393003726764,23575.6112,23140.458575066263,23206.1852,50975738595.55556,447830687692.11334
Aug-19-2022,23192.0722,23192.0722,20840.72427084073,20840.72427084073,56799885624.888885,417759707938.02356
Aug-20-2022,20836.67633236989,21336.823875590573,20829.837923886767,21163.40850256323,61145030798.71777,404934592425.8903
Aug-21-2022,21138.109082009472,21671.110181767843,21085.99915699701,21515.7063463541,42209985479.111115,408762717345.30273
Aug-22-2022,21511.405475999924,21511.405475999924,20931.27811382265,21418.635,48612705848.888885,406816213314.1128
Aug-23-2022,21412.8329,21632.790665155884,20946.783395273917,21516.130821435567,56455916259.55556,409246011088.18146
Aug-24-2022,21512.99518954893,21826.3262,21172.07432349025,21378.104807932155,50558561664,410769202810.8792
Aug-25-2022,21367.72490927717,21773.148661765037,21330.7948,21591.284830139277,50399097415.111115,413233152001.3557
Aug-26-2022,21563.193109764416,21812.78889629564,20122.77851257181,20215.51485489009,54504579114.666664,404941903812.07947
Aug-27-2022,20254.82006359482,20331.54696069997,19870.57393477105,20050.5705,59715633080.888885,384932413807.47296
Aug-28-2022,20032.7284,20133.3567,19606.7351,19606.7351,41580848931.55556,382562471282.7958
Aug-29-2022,19539.5807,20360.7005,19539.5807,20280.87117577155,50011859821.71429,382224120625.5954
Aug-30-2022,20295.057469407144,20558.0115,19595.5805,19768.0653,59130067821.71429,385411494436.5063
Aug-31-2022,19794.2573,20438.013302173287,19794.2573,20046.9471,68910236344.88889,386652241579.5222
Sep-01-2022,20053.474,20185.9976,19619.6549,20145.5884,59976236430.22222,382219556944.8095
Sep-02-2022,20123.43013005395,20409.61699052923,19787.50041417901,19927.5466,53777627899.54007,384504946573.6701
Sep-03-2022,19957.5713,20046.5481,19678.207,19834.795622562902,46422244778.666664,379758022134.11896
Sep-04-2022,19830.80645739004,19999.5965774669,19620.9343,19975.30810008814,30188903488,379030074894.12897
Sep-05-2022,20000.399475766444,20040.55328912353,19660.148567918448,19808.0959608095,35287255189.333336,378844293108.78656
Sep-06-2022,19786.60740136216,20154.40267481739,18744.9048,18812.061036941635,48719532558.22222,375267536735.27075
Sep-07-2022,18785.90732919724,19446.587,18578.840415035156,19275.303555717022,56371120128,361859331726.1365
Sep-08-2022,19283.333150304185,19428.686750062745,19081.5462,19318.4204,49633780892.44444,368644994965.328
Sep-09-2022,19324.6317,21396.56902861357,19323.3601,21370.64087141258,60209335509.333336,396784798543.4815
Sep-10-2022,21362.69347040769,21767.7515,21166.98724627164,21661.704,62426090339.55556,409414147728.23645
Sep-11-2022,21648.39,21810.00020825588,21381.9013,21789.452410620557,51346227840,413658530577.9497
Sep-12-2022,21818.602960045457,22458.633314149367,21589.69465603349,22387.938627526622,69203768618.66667,423653315759.19147
Sep-13-2022,22399.97823239505,22698.77166532257,20032.1647,20172.39245600376,81152505173.33333,412380903690.47406
Sep-14-2022,20175.70208744156,20486.084349024823,19748.013188581896,20251.71983492235,84479598023.11111,387241698025.5125
Sep-15-2022,20221.790212423784,20288.6975,19652.741839849117,19662.3883,75639756188.44444,382778123467.03
Sep-16-2022,19702.014,19880.553575179376,19360.1566,19756.26818587181,66830132536.888885,377413510866.0545
Sep-17-2022,19803.71232683336,20173.35445935717,19768.490116814355,20123.640551657223,57758805461.333336,382058836181.7728
Sep-18-2022,20121.84930436327,20121.84930436327,19374.4683,19393.59390761989,47383656476.44444,380422504433.0691
Sep-19-2022,19420.56090741535,19623.12093685087,18391.819388875087,19576.637199316803,79169374904.88889,364027259526.05005
Sep-20-2022,19537.112899779106,19624.335984835016,18799.074737459803,18873.2005,77663890642.50871,367436797852.7897
Sep-21-2022,18873.9083,19670.86591446713,18200.895538073728,18501.82049448783,73457138531.55556,364096452308.9282
Sep-22-2022,18480.425741563275,19493.936454052386,18374.854404399422,19429.13269379256,99240692195.55556,363556233837.2927
Sep-23-2022,19404.73612890737,19466.7087,18568.779495688595,19245.96941762079,77987818268.44444,365154077232.53674
Sep-24-2022,19290.27961354254,19294.62788235124,18831.329282068065,18931.734111634152,70758854556.44444,365483878913.81506
Sep-25-2022,18923.4988,19135.6295,18682.763485549985,18814.0516,44811745464.888885,363657781154.98755
Sep-26-2022,18802.6997,19277.511556534526,18700.5511,19238.7536,67509007649.00349,364325052317.865
Sep-27-2022,19224.7583,20346.1614,18844.26440209939,19098.479820191485,98288909824,378214069987.1188
Sep-28-2022,19109.881484046262,19731.8756,18528.601942108573,19399.488779047188,109016957213.43555,366474053295.3876
Sep-29-2022,19417.118874852273,19595.0236,18900.6111,19593.33746227512,93504140231.11111,371680212221.6552
Sep-30-2022,19595.196446577607,20130.3524,19251.1829,19449.60773627301,83393624974.22223,374198583961.64215
Oct-01-2022,19424.060071751013,19470.252372239076,19221.463,19305.1719,68653690678.792984,370380976869.9708
Oct-02-2022,19311.0991,19388.8829,18940.094476728857,19035.34988309635,38546956252.44444,368503905388.90497
Oct-03-2022,19057.64369556662,19666.3757,19031.583301199476,19610.3879,57075608007.111115,370126361156.9657
Oct-04-2022,19621.4414,20373.396966370594,19510.5453,20339.726,68130612935.111115,382009598457.9857
Oct-05-2022,20339.9766,20343.1053,19759.352031250048,20168.6041,69289916686.22223,385619968282.44727
Oct-06-2022,20157.0733,20412.1791,19882.909054930253,19948.22190296553,73072720042.66667,386125302356.6657
Oct-07-2022,19956.8027,20042.21700031658,19377.6188439018,19533.02824919708,60960544332.7108,378822333516.15326
Oct-08-2022,19533.27670813211,19607.875740305088,19275.3283,19401.0105,47210778231.52613,373494069529.96045
Oct-09-2022,19415.1815,19539.48528003435,19330.10300199106,19436.3351,32508420906.666668,372595217766.47504
Oct-10-2022,19443.0047,19516.1351,19100.813704659344,19135.374021730353,43632528537.4216,370405445216.00323
Oct-11-2022,19133.077336484497,19256.379978322522,18889.956348357,19045.5416,58945067207.111115,365469491546.38354
Oct-12-2022,19060.6544,19206.1014,19024.1102,19157.977348440414,57228996065.67247,366398495488.13965
Oct-13-2022,19155.03423228382,19454.676403000394,18290.6714,19380.689298843845,66306380332.599304,364703127203.40576
Oct-14-2022,19380.655778675835,19891.3268,19096.9897,19191.0274,94607306808.88889,374023157206.51544
Oct-15-2022,19182.2476,19219.5647,19026.2672,19054.8847,55450156103.111115,366826934382.24664
Oct-16-2022,19066.0574,19397.587347108052,19066.0574,19259.620646181156,31434982424.97561,367281364584.85333
Oct-17-2022,19256.406229271728,19650.7575,19164.44403703787,19558.1117,48744779299.55556,371733239025.5138
Oct-18-2022,19546.0154,19685.475562085834,19116.7442,19351.0697,62745223680,373218777171.6507
Oct-19-2022,19329.1763,19337.0797,19115.2331,19124.9892,61076924387.55556,368227529158.4145
Oct-20-2022,19123.6291,19328.0008,18942.909,19042.9309,50448821589.333336,366446781146.04663
Oct-21-2022,19042.7405,19231.1974,18743.2771,19166.3286,56719066040.888885,365349689963.558
Oct-22-2022,19162.5376,19248.563896599382,19119.823901167147,19202.852966626626,51155992135.111115,367465072645.98773
Oct-23-2022,19203.7979,19669.50723132347,19112.1147,19548.7249,29334480681.923344,369183644189.07056
Oct-24-2022,19564.5146,19578.3784,19191.1109,19335.3937,57568925283.55556,370900489444.81616
Oct-25-2022,19330.2129,20388.4725,19252.5634,20110.87556138642,62423042787.55556,375485658697.5232
Oct-26-2022,20081.820635392458,20943.084644609105,20065.933676103705,20754.023972750903,111641919374.22223,393580944072.768
Oct-27-2022,20766.8098868083,20860.753363645697,20249.754699154917,20283.97974929017,97985674211.55556,395221750804.9847
Oct-28-2022,20292.405845082885,20733.95161696074,20074.037,20608.2579,86808559758.22223,390706428379.93945
Oct-29-2022,20595.37894230647,21003.5573107331,20563.937,20811.988365564033,78150625137.77777,398209829528.50415
Oct-30-2022,20809.808812007188,20910.0964,20520.358146870312,20621.7479,64733978709.333336,397080010238.25275
Oct-31-2022,20620.8161,20806.8788,20290.128635933706,20504.46022827177,63533875356.44444,393050043238.5031
Nov-01-2022,20495.705989306138,20650.43871945188,20374.129531257524,20481.5549,75086343466.66667,392980109848.03986
Nov-02-2022,20481.979,20732.0272,20073.875475937806,20151.523076525573,69104918001.77777,391180706308.4784
Nov-03-2022,20150.544414721986,20376.986634951623,20063.3165,20208.596506640253,89252131697.77777,388201104277.5447
Nov-04-2022,20205.27906093952,21213.064582021154,20190.888425917114,21156.078,86139251797.33333,396750156851.1303
Nov-05-2022,21145.628,21461.0794385223,21095.7603,21281.5851,93930901873.77777,408857490033.20197
Nov-06-2022,21302.3297,21350.9881,20913.0539,20913.0539,54828288042.666664,406626646751.16785
Nov-07-2022,20918.1723,21042.8703,20447.2795,20591.7459,75255069696,398070575313.9509
Nov-08-2022,20590.7499,20657.6234,17641.1588,18528.52092702272,116085599715.55556,374846106438.49927
Nov-09-2022,18545.16181674136,18566.716755985264,15652.5911,15789.342422998143,164641074119.1111,335837205845.98627
Nov-10-2022,15897.516595524545,18179.295573160125,15866.931777499693,17590.41467373285,154013330318.22223,325301411702.0083
Nov-11-2022,17592.6207,17675.2616,16453.919131783343,17104.1984,108607980856.88889,328039991720.39703
Nov-12-2022,17047.8221,17068.2517,16639.61702414627,16802.1943,68135292657.77778,322974047734.48645
Nov-13-2022,16800.9926,16933.5745,16272.7358,16349.997597081689,39952276053.333336,319120153090.6926
Nov-14-2022,16331.35217790576,17151.974261932253,15838.3193,16630.63746440169,64554331975.111115,315536886023.03705
Nov-15-2022,16614.28715429449,17086.6912,16555.1515,16894.9265,68872354801.77777,322602754990.9194
Nov-16-2022,16898.2358,16988.2412,16414.320759624643,16673.507711410086,57818172615.111115,320803225984.05316
Nov-17-2022,16670.395122861475,16728.656008038848,16448.1626,16690.889527338422,51656804096,319058775211.65137
Nov-18-2022,16692.922783418253,16953.88897429152,16561.0259,16711.141784652442,47289260010.59233,321561473484.1119
Nov-19-2022,16704.62139577964,16807.0579,16565.157,16715.838593288543,33337255479.303135,319762448550.92664
Nov-20-2022,16704.48043265009,16746.2736,16248.1492,16291.4477,28445975203.555557,318714896749.2495
Nov-21-2022,16286.8064,16286.8064,15598.4951,15779.971701749892,50201276579.55556,308166351834.29913
Nov-22-2022,15781.030076108182,16260.7217,15666.2745,16174.9574,58615626723.55556,306392350546.7838
Nov-23-2022,16221.67,16652.2104,16167.2766,16615.2292,54191750385.77778,316451686349.8898
Nov-24-2022,16624.7795,16779.3432,16474.392576966395,16597.7313,51316136348.44444,318979069699.44324
Nov-25-2022,16609.3759,16609.3759,16371.869099382935,16511.91127766036,40539647985.77778,316859810140.8318
Nov-26-2022,16513.9287,16683.874870359,16415.619927652573,16461.1945184485,39602744661.333336,318241327421.49585
Nov-27-2022,16457.253279063327,16593.459556800455,16419.021398214274,16432.36461511383,35423221802.81533,317875547190.54175
Nov-28-2022,16425.2129114358,16481.7679,16044.1124,16212.403248220657,44930760967.111115,311557026058.74457
Nov-29-2022,16213.3896,16522.977471229282,16111.249696496165,16436.1924,52776387683.55556,315419507134.79785
Nov-30-2022,16438.7456,17212.898261213835,16438.7456,17188.63467960707,44743059370.666664,324786816323.82556
Dec-01-2022,17165.41156726685,17214.3263,16883.1711,16956.1893,38788974492.44444,327771074759.13477
Dec-02-2022,16972.464618272137,17088.909103174137,16862.767959664725,17088.4265,33498051230.773518,325967434091.6198
Dec-03-2022,17092.1973,17122.7858,16876.10583144502,16903.723625317816,28422679969.44948,326144864089.25836
Dec-04-2022,16880.830412966345,17144.100549809053,16880.830412966345,17130.165329487445,25946687018.666668,326979103201.65906
Dec-05-2022,17112.095826545075,17391.96733663847,16884.1888,16959.336063823,33310234567.11111,329965811699.66473
Dec-06-2022,16967.683779550847,17101.713469188366,16925.225101248896,17088.37611635709,33312994595.555557,326626901868.3153
Dec-07-2022,17089.81610929171,17096.3844,16746.3916,16838.047473161492,33628606812.444443,324422344915.8258
Dec-08-2022,16835.04923550135,17290.3,16791.27889230745,17254.841595411017,31326142820.794426,325363729467.9203
Dec-09-2022,17226.675972109428,17272.187489496646,17081.5468,17123.38672774531,34491913201.77778,330278993230.93866
Dec-10-2022,17128.161092465376,17216.17460724164,17105.50511844839,17114.3405863705,25743383676.444443,329719372087.4576
Dec-11-2022,17129.863554165495,17253.191402270015,17080.092146895866,17091.916535641005,19589911018.666668,329675056005.3344
Dec-12-2022,17089.446091063823,17220.814535119767,16882.272894519563,17220.814535119767,27210991608.88889,326657443273.10474
Dec-13-2022,17202.490499300773,17932.4687,17097.2124,17766.350552594908,41107035768.888885,335677125245.7431
Dec-14-2022,17779.867619706492,18329.450172030054,17710.387652122143,17799.16897417585,53775197070.22222,343458912279.5559
Dec-15-2022,17794.87527368345,17843.08619595741,17306.065623820537,17339.458270551433,56261667200,337849259128.5813
Dec-16-2022,17358.5225206672,17513.9378,16529.297357680505,16608.4932,47661468458.666664,328532141010.85126
Dec-17-2022,16636.47028683979,16785.892297944447,16594.00093335609,16785.892297944447,46630829169.77778,320862704602.3825
Dec-18-2022,16779.090095384396,16820.63769137972,16677.74536920177,16750.765809591638,25538438677.333332,321547718539.3389
Dec-19-2022,16741.11828923561,16801.150077948707,16366.3141,16424.79671324863,29555712497.77778,320479941309.2338
Dec-20-2022,16441.86651327895,16994.6028,16408.67749509621,16902.54219033073,50421339946.666664,322615905375.6514
Dec-21-2022,16901.38001431798,16921.028080591037,16740.439,16806.416495870926,42938911495.111115,323370704324.2319
Dec-22-2022,16818.780905015054,16859.2589,16572.0123,16822.062144857282,33312386965.333332,322422836811.5665
Dec-23-2022,16819.795401654657,16903.32652267795,16772.50272292723,16780.463676220097,35636481443.55556,323385347331.6032
Dec-24-2022,16779.530797670854,16853.5422,16779.530797670854,16833.8821,20626954275.555557,323406562648.0166
Dec-25-2022,16836.196,16849.6872,16739.6511,16829.918403840365,21982382836.404182,323158776557.9099
Dec-26-2022,16832.923370768047,16911.64997081397,16804.8397873503,16908.94843019802,26543512369.77778,323775353259.3779
Dec-27-2022,16919.823027132126,16963.0029797476,16631.43,16706.459709721472,31444051214.22222,322923072279.5686
Dec-28-2022,16706.249402023037,16762.0146,16488.7629,16549.98326575003,38602978211.55556,319713634177.72437
Dec-29-2022,16547.53492087718,16655.070277639483,16503.1955,16641.44486445416,41785365276.44444,318829546785.7664
Dec-30-2022,16636.9931152371,16639.843546601933,16379.5325,16603.751952657036,36451566840.888885,318010953973.4716
Dec-31-2022,16608.070867729773,16632.8997,16495.873731598705,16538.3479,34065336177.28223,318390737642.239
Jan-01-2023,16537.4542,16621.1651,16507.3906,16607.069459238443,23508784398.22222,318166900098.1308
Jan-02-2023,16617.25439639316,16758.52530784871,16560.09073189229,16677.44994353439,24859666801.77778,320705961719.3731
Jan-03-2023,16673.74874672506,16763.447292054305,16616.632381096962,16675.90903725487,29648327502.22222,320717370492.64636
Jan-04-2023,16674.5087,16973.381190901993,16658.433944630175,16857.282709442374,39384163470.22222,323386238092.0662
Jan-05-2023,16852.13278637077,16877.1266,16781.4648,16828.8464,38960056725.333336,323447365297.4649
Jan-06-2023,16831.1192,17005.497083184826,16707.851030669914,16953.972066580434,34958072839.111115,323401240878.4581
Jan-07-2023,16951.158324185577,16974.4015,16909.746774392475,16944.5396,34306384469.333332,325462473921.016
Jan-08-2023,16943.76168291715,17070.574511476352,16919.177228349756,17070.574511476352,21776089962.666668,325634745856.4443
Jan-09-2023,17114.08109101332,17390.39293228902,17114.08109101332,17194.77873456542,40370843456,331229579389.19604
Jan-10-2023,17179.14283387484,17487.8535,17159.3098,17435.7516459177,45095406947.55556,332210727772.8568
Jan-11-2023,17439.74515075714,17939.362499760573,17333.666863626866,17939.362499760573,43812401706.666664,335425060457.1886
Jan-12-2023,17943.630925609308,19028.6547,17924.50068731902,18858.6646,72766611569.77777,352447180923.38556
Jan-13-2023,18851.0079,19975.946903075732,18732.6096,19913.729474529402,81808386801.77777,366524446229.49945
Jan-14-2023,19921.96715782315,21149.597101650263,19921.96715782315,20983.9756,105421992305.77777,400016119807.21533
Jan-15-2023,20951.2141,20995.267229932684,20577.7361,20856.05839135823,63212388593.77778,399290962980.58716
Jan-16-2023,20874.7874806025,21410.3251,20728.066099825955,21171.04828454444,60636932849.77778,404248788951.314
Jan-17-2023,21183.018445408037,21443.702726389765,20959.502443318313,21157.189612933496,51515154112,407281986003.9492
Jan-18-2023,21136.70787628226,21549.6846,20545.969726711024,20686.510419770384,58478858168.888885,405901077389.21356
Jan-19-2023,20669.595812479274,21157.11992922482,20666.8001,21082.058204303703,77983080988.44444,400657798034.22644
Jan-20-2023,21074.9455313152,22687.3555,20919.9508,22665.7507,64447751466.666664,409361228122.49896
Jan-21-2023,22667.3593,23304.148165511386,22506.416377106016,22751.6074,101033856768,439681601945.2148
Jan-22-2023,22777.8509,23052.145,22368.6486,22723.9532,79716701624.88889,438227794320.40405
Jan-23-2023,22717.532,23139.660215422402,22667.965,22944.9201,73343525504,438704643177.66815
Jan-24-2023,22917.8383,23150.6889,22569.1259,22614.658440741397,79571624078.22223,441263614330.7605
Jan-25-2023,22633.85277825393,23718.1854,22366.5718,23125.7229,82625725354.66667,436292420539.3964
Jan-26-2023,23075.995935171006,23241.72718709555,22890.2856,23007.8352,94982498161.77777,443277697796.4922
Jan-27-2023,23018.1861,23408.254820954564,22630.0293,23051.2708,74589340814.22223,441867204640.3495
Jan-28-2023,23071.4588,23180.188459313038,22896.0926,23007.4396,62781856583.111115,442400933872.3891
Jan-29-2023,23024.957,23926.159,22980.0444,23775.9829,60729082837.333336,450311320776.1693
Jan-30-2023,23749.461,23786.6488,22672.986728828946,22814.4792,79832137386.66667,447341538002.0699
Jan-31-2023,22833.314,23223.475,22744.93,23153.2004,74707896120.88889,441277755446.3309
Feb-01-2023,23130.9161,23767.4245,22826.0582,23706.0643,70420783232,445139551628.50824
Feb-02-2023,23719.3791,24244.3654,23427.4962,23484.9488,95457905635.55556,457606581414.67896
Feb-03-2023,23468.9785,23685.8328,23272.5314,23429.76,90857177059.55556,451135790206.37286
Feb-04-2023,23431.6868,23565.3339,23282.522980138896,23315.8076,68664568348.44444,449440662853.7704
Feb-05-2023,23324.6017,23427.100983089294,22838.9586,22938.184691051243,50759004586.666664,445705064700.0051
Feb-06-2023,22931.358815666863,23145.131802894794,22670.6895,22747.465,64529839445.333336,440155573314.3414
Feb-07-2023,22756.372,23322.6114,22756.372,23261.2186,73192527388.44444,441665444159.25977
Feb-08-2023,23251.8694,23373.521,22719.144,22949.2132,78220219463.11111,443882834565.14575
Feb-09-2023,22961.8383,22984.0285,21754.61260584076,21799.182107847242,85459684181.33333,433062290866.3157
Feb-10-2023,21788.528513480855,21933.0975,21488.4665,21648.2846,98156502357.33333,418380708288.81366
Feb-11-2023,21635.5236,21889.2509,21609.124,21865.7753,69262238051.55556,416995412358.5228
Feb-12-2023,21864.4863,22087.187855728745,21676.758666612837,21753.753226727626,48142213404.44444,420085157121.85675
Feb-13-2023,21784.9464,21884.0971,21435.239489971147,21810.9904859392,61574705934.22222,416589636079.0491
Feb-14-2023,21773.528172428974,22263.51498868609,21611.942926028532,22200.0306,68706157127.111115,420777950389.79047
Feb-15-2023,22202.6563,24324.464026285455,22058.06123764736,24324.464026285455,74461915525.56029,439677323005.84686
Feb-16-2023,24331.047589544174,25188.2965,23531.7304,23531.7304,86355573589.33333,472944068431.67114
Feb-17-2023,23549.9584,24978.7723,23540.3108,24558.3155,90976381553.77777,461494428237.81323
Feb-18-2023,24566.9638,24816.0071253343,24458.9452,24644.0369,77159018993.77777,472949167336.39624
Feb-19-2023,24632.5653,25115.787601195905,24323.5789,24332.2815,39183466296.888885,473530579189.8197
Feb-20-2023,24295.4446,25051.767522671667,23907.484161942484,24797.2219,57637586702.22222,473848612799.3005
Feb-21-2023,24840.391604326895,25099.5248,24175.3831,24426.1719,56920857216,474555205020.6286
Feb-22-2023,24453.2537,24466.1821,23611.2474,24192.9805,68682894492.44444,461519695015.2043
Feb-23-2023,24189.6192,24582.699504558812,23674.5002,23949.1025,58942510065.77778,463640412591.9747
Feb-24-2023,23938.3238,24105.2257,22959.572209320744,23197.7565,52740902471.111115,454127796081.11273
Feb-25-2023,23190.4354,23200.5083,22828.3886,23170.0132,43845686168.52962,442894868631.196
Feb-26-2023,23164.8803,23657.080221241573,23068.1735,23531.2037,30763870151.11111,446966838419.8596
Feb-27-2023,23556.2553,23876.8245,23174.93016739696,23508.264699161653,37836599964.44444,450621818516.82996
Feb-28-2023,23495.240319194592,23579.3235,23065.742378747596,23139.076794118864,42623345223.111115,449210196172.2568
Mar-01-2023,23126.843108390378,23867.99,23046.377902676533,23659.4001,43583459057.77778,453363447590.9419
Mar-02-2023,23638.9824,23739.2218,23234.9795,23465.2689,41566999708.44444,450217267179.297
Mar-03-2023,23466.6755,23466.6755,22190.8158,22333.76670186151,49445760675.55556,430799147034.73804
Mar-04-2023,22354.893,22397.6782,22188.8327,22339.038009541902,31121925016.529617,429116877657.1486
Mar-05-2023,22347.03071758307,22609.386768032557,22265.291001863432,22434.9936,24779491797.333332,430826732751.9381
Mar-06-2023,22428.6582,22584.5227,22333.2367,22409.4946,27238556224,430778434349.0107
Mar-07-2023,22402.4204,22501.167061553017,21988.522866352214,22195.0144,35188296874.666664,429737363970.32764
Mar-08-2023,22197.6588,22277.2811,21660.481200224043,21692.94462722918,47170430250.217545,425862967746.37134
Mar-09-2023,21704.00142412547,21802.771420078738,20216.5488,20355.8604,45238575974.5784,413719376410.55304
Mar-10-2023,20370.0069,20370.0069,19596.8698,20133.73982352463,71847249598.88503,385553081557.0428
Mar-11-2023,20152.934959766506,20633.2632,19806.0233,20494.9368,65553563733.333336,390472436091.41315
Mar-12-2023,20452.2228,21952.797807966082,20288.5161,21952.797807966082,44270891662.22222,397881115415.6934
Mar-13-2023,21996.35382169965,24342.77464288782,21828.193617223475,24063.5624469319,81743296619.78947,443502290103.11084
Mar-14-2023,24110.2102,26263.9676,24013.123024673885,24694.6951,94466753002.3662,478478193602.1087
Mar-15-2023,24694.4961,25026.9871,23970.297205326577,24276.665892428617,97610468465.77777,475086379194.3967
Mar-16-2023,24286.700218188595,25107.0673,24182.3388,25011.182,92591547937.89548,476135191318.01117
Mar-17-2023,24998.6655,27710.0166,24899.2568,27310.1766,84113368149.33333,507748170236.36664
Mar-18-2023,27388.766,27635.6631,26820.13701631196,26891.627969119265,87183454008.88889,527950364349.3941
Mar-19-2023,26900.870700185806,28330.038133013903,26849.0627,27911.812,59951376540.44444,529721115709.3737
Mar-20-2023,27960.5165,28431.5567,27167.994970120253,27688.0737,81159326336,537935367894.1301
Mar-21-2023,27723.8116,28399.7677,27344.4061,28119.54921069888,75753121152,539483596256.54565
Mar-22-2023,28123.81235395727,28706.6413,26718.214,27273.8081,62381365930.666664,541375093964.32056
Mar-23-2023,27261.752808661684,28619.4139,27156.7906,28318.2186,59835056099.55556,536320017584.85895
Mar-24-2023,28296.5687,28356.28282089058,27110.4536,27415.93409438389,48378495416.888885,540177679625.8728
Mar-25-2023,27450.907021672097,27747.3921,27183.6656,27464.6126,42315985685.333336,531265909343.4554
Mar-26-2023,27493.601,28139.207976564172,27430.9137,27983.589033995435,27111362645.732315,536640423785.79987
Mar-27-2023,27970.498834865924,28016.6155,26698.4797,27157.5701,34642356202.666664,532354929071.1274
Mar-28-2023,27131.2072,27446.1624,26676.950298423308,27259.2207,43061233763.55556,522329667012.41864
Mar-29-2023,27266.6718,28586.0011,27252.7029,28370.7692,42482154097.77778,542795846137.70844
Mar-30-2023,28348.5437,29156.3807,27774.748,28031.595199453346,46258179086.22222,548528340131.34265
Mar-31-2023,28028.484127682656,28614.0378,27663.050387226478,28467.19662927388,45077223850.666664,545063208146.84485
Apr-01-2023,28467.8828500776,28789.4078,28305.2465,28464.81401778217,36557108999.111115,549874502571.9329
Apr-02-2023,28452.740206963586,28515.9436,27879.0548,28188.1801,26115369180.444443,546545395523.19824
Apr-03-2023,28170.7772,28427.7346,27405.981206254983,27761.458669183034,36019258148.57143,540997156325.6436
Apr-04-2023,27807.768335500114,28405.3989,27695.2783,28149.6814,41025798293.333336,542770865100.3405
Apr-05-2023,28161.7377,28681.0547,27893.4447,28176.3891,36576587882.666664,548141417557.11707
Apr-06-2023,28174.1065,28174.1065,27763.8743,28019.7398,35275760576,541545451950.0939
Apr-07-2023,28033.8221,28097.962,27814.97206326193,27902.2577,28396556743.11111,540130226454.9157
Apr-08-2023,27909.609,28144.546837100093,27859.966,27934.0372,23392038627.555557,541206866592.7908
Apr-09-2023,27938.3767,28477.6188,27816.61309234875,28321.8616,22993951733.296165,541632589980.021
Apr-10-2023,28323.772173177105,29733.0392,28201.6388,29609.8284,32725716693.333332,553008557610.5387
Apr-11-2023,29661.4333,30442.474234506873,29594.4637,30230.0732,52751133603.55556,582020706637.1337
Apr-12-2023,30203.7818,30430.8475,29765.2501,29877.417735909105,44412758279.111115,580001388589.2622
Apr-13-2023,29883.2295,30503.8516,29859.8417,30359.5812,42898213070.22222,584313346519.8577
Apr-14-2023,30380.7126,30955.8686,30031.6626,30478.2924,48071259453.547035,591561626361.8901
Apr-15-2023,30467.8083,30516.7957,30248.082814802172,30297.83114427585,36823809590.20235,587525703000.7887
Apr-16-2023,30295.10992655213,30527.17137271927,30168.225140668015,30304.87458079287,23471438594.093163,586317822144.9077
Apr-17-2023,30307.41507053425,30307.818001912765,29300.46928821825,29413.96,34544991065.91484,574596384111.7457
Apr-18-2023,29449.25,30433.47,29199.07,30366.57,39843195656.017365,579364546927.2882
Apr-19-2023,30380.05,30388.94,28688.75,28804.98,48529605625.78819,572032276461.7986
Apr-20-2023,28809.24,29049.45,28045.06,28267.17,53219109539.05556,554542462364.4861
Apr-21-2023,28240.35,28350.29,27219.2,27274.5,49218915740.326385,540774861123.6215
Apr-22-2023,27262.87,27853.24,27177.26,27820.65,47864133704.02431,530552354252.309
Apr-23-2023,27818.83,27818.83,27400.17,27588.57,30210186537.381943,533490579365.2847
Apr-24-2023,27589.73,27967.05,27121.8,27529.2,35895796356.704865,531935359800.5243
Apr-25-2023,27521.63,28355.86,27228.11,28326.83,39732646597.854164,532747681271.73956
Apr-26-2023,28297.81,29965.49,27425.67,28376.59,56297075746.64931,558030383101.3889
Apr-27-2023,28415.25,29871.99,28396.49,29467.27,81413627959.41812,564081499107.8119
Apr-28-2023,29472.8,29554.57,28950.85,29327.11,53508501339.6875,567680431946.0868
Apr-29-2023,29308.51,29425.02,29102.87,29216.77,35569645613.97569,566900082127.0452
Apr-30-2023,29230.49,29885.46,29096.96,29310.54,27347809352.96528,567814049973.5834
May-01-2023,29190.79,29327.75,27688.46,28084.46,42366560273.99653,550315593958.1528
May-02-2023,28067.12,28816.42,27922.17,28639.58,41539767591.93403,546995125891.73267
May-03-2023,28669.84,29029.98,28180.2,28998.8,41130373589.54444,551947636833.9926
May-04-2023,29022.13,29318.82,28699.19,28820.66,47257826842.826385,561000883445.375
May-05-2023,28852.74,29644.95,28841.55,29529.67,43017299152.03819,566599362804.9548
May-06-2023,29505.92,29780.05,28448.22,28864.28,40344744907.05556,563616662040.4479
May-07-2023,28848.17,29083.71,28443.05,28443.05,40216391712.31597,559169784125.9409
May-08-2023,28417.98,28618.11,27302.45,27692.99,33614293268.85764,540592726872.51733
May-09-2023,27667.26,27793.76,27376.73,27636.66,34969252717.334496,534423621123.2125
May-10-2023,27629.96,28286.57,26961.57,27624.54,34700286569.888885,536922863460.42017
May-11-2023,27598.8,27598.8,26768.01,27002.28,44668385236.15625,528179365770.90625
May-12-2023,26968.6,27040.19,25954.76,26791.96,43744424343.65625,513065364854.3958
May-13-2023,26795.03,27001.34,26705.35,26789.06,40647617509.479164,519333627756.2222
May-14-2023,26785.6,27136.65,26676.47,26906.17,29639040680.711807,520251757413.60767
May-15-2023,26917.59,27613.4,26754.32,27192.17,37348844276.96491,529319393415.1123
May-16-2023,27158.66,27289.16,26891.41,27025.77,40497901164.24306,524366679460.9618
May-17-2023,27033.81,27454.75,26595.46,27402.68,37629253644.85069,523260054098.4618
May-18-2023,27402.25,27453.44,26486.01,26837.94,41573965977.420135,526110267532.9132
May-19-2023,26821.27,27075.81,26697.43,26866.88,41793335947.111115,520525326129.1111
May-20-2023,26887.36,27140.86,26830.22,27110.53,30302265352.19097,521718469628.5625
May-21-2023,27102.42,27243.28,26692.48,26751.47,27719241989.024307,522698670214.5868
May-22-2023,26747.74,27037.83,26550.6,26851.39,34482945419.5625,519486648517.65625
May-23-2023,26849.25,27428.93,26818.07,27222.75,40046492709.697914,527654806665.4618
May-24-2023,27222.41,27222.41,26114.01,26336.63,40737436097.3125,515778147295.2882
May-25-2023,26327.73,26545.21,25963.53,26474.02,44567095438.12982,509747248577.87366
May-26-2023,26473.75,26906.52,26346.46,26703.21,38658379622.986015,515026078009.4336
May-27-2023,26708.84,26856.33,26625.75,26850.79,33362464053.913193,517941877652.0035
May-28-2023,26854.22,28152.5,26789.26,28100.31,31845491760.85764,529379895050.01044
May-29-2023,28136.36,28414.86,27552.62,27742.37,44844223274.89198,540145520368.6167
May-30-2023,27745.91,28029.57,27606.93,27682.8,41446781964.13937,538562234478.45294
May-31-2023,27685.48,27801.93,26887.81,27225.77,43490042968.836235,527367773364.5401
Jun-01-2023,27234.27,27318.18,26675.26,26806.98,42566800174.63066,521502808992.5157
Jun-02-2023,26809.55,27282.22,26613.13,27232.85,35074637746.28223,524629608645.9826
Jun-03-2023,27220.07,27312.03,26953.53,27060.8,25336732420.052265,526277262707.9547
Jun-04-2023,27063.05,27384.43,26978.5,27104.41,20017026587.98258,526699186398.8049
Jun-05-2023,27092.18,27123.39,25447.67,25730.52,32904540500.595818,512731184935.3728
Jun-06-2023,25732.42,27278.06,25438.67,27200.04,65278167722.84321,506222526710.4982
Jun-07-2023,27205.09,27316.85,26141.01,26359.59,53734954106.94425,517407080470.0592
Jun-08-2023,26341.33,26762.75,26235.14,26493.46,37975777739.01742,513288695403.44946
Jun-09-2023,26509.38,26766.28,26325.91,26489.46,28798699484.770035,514322707778.89545
Jun-10-2023,26481.47,26500.5,25491.91,25842.84,35864789304.094406,500935871342.0315
Jun-11-2023,25820.23,26147.84,25676.59,25920.86,32994854566.84669,501129889195.54706
Jun-12-2023,25922.89,26081.61,25662.95,25887.59,30188773016.853657,501831968812.70386
